3.991926e+002,-3.359483e-001
4.011211e+002,-6.348364e-001
4.030496e+002,-5.327150e-001
4.049780e+002,-3.902007e-001
4.069065e+002,-2.407629e-001
4.088350e+002,-1.174816e-001
4.107634e+002,-4.405787e-002
4.126919e+002,-2.855577e-002
4.146204e+002,-6.161170e-002
4.165488e+002,-1.195869e-001
4.184773e+002,-1.717544e-001
4.204058e+002,-1.894626e-001
4.223342e+002,-1.546991e-001
4.242627e+002,-6.565258e-002
4.261912e+002,6.227894e-002
4.281196e+002,2.003022e-001
4.300481e+002,3.138006e-001
4.319766e+002,3.715947e-001
4.339050e+002,3.543654e-001
4.358335e+002,2.600043e-001
4.377620e+002,1.045013e-001
4.396904e+002,-8.179177e-002
4.416189e+002,-2.614562e-001
4.435474e+002,-3.989032e-001
4.454758e+002,-4.685604e-001
4.474043e+002,-4.603214e-001
4.493328e+002,-3.810284e-001
4.512612e+002,-2.518400e-001
4.531897e+002,-1.023874e-001
4.551182e+002,3.661533e-002
4.570466e+002,1.403803e-001
4.589751e+002,1.949894e-001
4.609036e+002,1.992591e-001
4.628320e+002,1.633798e-001
4.647605e+002,1.050170e-001
4.666890e+002,4.413065e-002
4.686174e+002,-2.047103e-003
4.705459e+002,-2.264485e-002
4.724744e+002,-1.467607e-002
4.744028e+002,1.762196e-002
4.763313e+002,6.513012e-002
4.782598e+002,1.169907e-001
4.801882e+002,1.635844e-001
4.821167e+002,1.985644e-001
4.840452e+002,2.195479e-001
4.859736e+002,2.275118e-001
4.879021e+002,2.253045e-001
4.898306e+002,2.159010e-001
4.917590e+002,2.010203e-001
4.936875e+002,1.805490e-001
4.956160e+002,1.529171e-001
4.975444e+002,1.162628e-001
4.994729e+002,6.997537e-002
5.014014e+002,1.609563e-002
5.033298e+002,-3.990915e-002
5.052583e+002,-8.931557e-002
5.071868e+002,-1.213318e-001
5.091152e+002,-1.251113e-001
5.110437e+002,-9.218755e-002
5.129722e+002,-1.879565e-002
5.149006e+002,9.246048e-002
5.168291e+002,2.320364e-001
5.187576e+002,3.842085e-001
5.206860e+002,5.291559e-001
5.226145e+002,6.460685e-001
5.245430e+002,7.167684e-001
5.264714e+002,7.291642e-001
5.283999e+002,6.798466e-001
5.303284e+002,5.752267e-001
5.322568e+002,4.308733e-001
5.341853e+002,2.690425e-001
5.361138e+002,1.147737e-001
5.380422e+002,-8.733911e-003
5.399707e+002,-8.454373e-002
5.418992e+002,-1.052517e-001
5.438276e+002,-7.434091e-002
5.457561e+002,-5.248471e-003
5.476846e+002,8.174149e-002
5.496130e+002,1.641472e-001
5.515415e+002,2.224649e-001
5.534700e+002,2.446824e-001
5.553984e+002,2.290527e-001
5.573269e+002,1.844243e-001
5.592554e+002,1.279969e-001
5.611838e+002,8.098613e-002
5.631123e+002,6.321108e-002
5.650408e+002,8.790725e-002
5.669692e+002,1.580390e-001
5.688977e+002,2.650463e-001
5.708262e+002,3.903736e-001
5.727546e+002,5.094523e-001
5.746831e+002,5.972050e-001
5.766116e+002,6.337598e-001
5.785400e+002,6.090162e-001
5.804685e+002,5.249840e-001
5.823970e+002,3.953697e-001
5.843254e+002,2.425540e-001
5.862539e+002,9.272832e-002
5.881824e+002,-2.962308e-002
5.901108e+002,-1.065958e-001
5.920393e+002,-1.300026e-001
5.939678e+002,-1.021595e-001
5.958962e+002,-3.430480e-002
5.978247e+002,5.678873e-002
5.997532e+002,1.530448e-001
6.016816e+002,2.390637e-001
6.036101e+002,3.049077e-001
6.055386e+002,3.471377e-001
6.074670e+002,3.680489e-001
6.093955e+002,3.735367e-001
6.113240e+002,3.703539e-001
6.132524e+002,3.636239e-001
6.151809e+002,3.553246e-001
6.171094e+002,3.441240e-001
6.190378e+002,3.265112e-001
6.209663e+002,2.987779e-001
6.228948e+002,2.591439e-001
6.248232e+002,2.092909e-001
6.267517e+002,1.547392e-001
6.286802e+002,1.038650e-001
6.306086e+002,6.575875e-002
6.325371e+002,4.751216e-002
6.344656e+002,5.172300e-002
6.363940e+002,7.501379e-002
6.383225e+002,1.081271e-001
6.402510e+002,1.377576e-001
6.421794e+002,1.498109e-001
6.441079e+002,1.333489e-001
6.460364e+002,8.422595e-002
6.479648e+002,7.402591e-003
6.498933e+002,-8.283395e-002
6.518218e+002,-1.650470e-001
6.537502e+002,-2.149562e-001
6.556787e+002,-2.110420e-001
6.576072e+002,-1.402241e-001
6.595356e+002,-2.250070e-003
6.614641e+002,1.883767e-001
6.633926e+002,4.036307e-001
6.653210e+002,6.063771e-001
6.672495e+002,7.572486e-001
6.691780e+002,8.226562e-001
6.711064e+002,7.822474e-001
6.730349e+002,6.341424e-001
6.749634e+002,3.966611e-001
6.768918e+002,1.059687e-001
6.788203e+002,-1.900720e-001
6.807488e+002,-4.407028e-001
6.826772e+002,-6.019683e-001
6.846057e+002,-6.452940e-001
6.865342e+002,-5.631180e-001
6.884626e+002,-3.703501e-001
6.903911e+002,-1.013179e-001
6.923196e+002,1.971599e-001
6.942480e+002,4.750943e-001
6.961765e+002,6.890389e-001
6.981050e+002,8.101304e-001
7.000334e+002,8.287881e-001
7.019619e+002,7.551820e-001
7.038904e+002,6.155390e-001
7.058188e+002,4.452923e-001
7.077473e+002,2.807511e-001
7.096758e+002,1.512394e-001
7.116042e+002,7.344862e-002
7.135327e+002,4.915474e-002
7.154612e+002,6.659476e-002
7.173896e+002,1.049099e-001
7.193181e+002,1.403692e-001
7.212466e+002,1.527265e-001
7.231750e+002,1.301408e-001
7.251035e+002,7.154528e-002
7.270320e+002,-1.393676e-002
7.289604e+002,-1.101528e-001
7.308889e+002,-1.986524e-001
7.328174e+002,-2.636413e-001
7.347458e+002,-2.958432e-001
7.366743e+002,-2.943292e-001
7.386028e+002,-2.659774e-001
7.405313e+002,-2.228776e-001
7.424597e+002,-1.785340e-001
7.443882e+002,-1.439855e-001
7.463167e+002,-1.249192e-001
7.482451e+002,-1.205137e-001
7.501736e+002,-1.242310e-001
7.521021e+002,-1.262220e-001
7.540305e+002,-1.165938e-001
7.559590e+002,-8.858065e-002
7.578875e+002,-4.075642e-002
7.598159e+002,2.227376e-002
7.617444e+002,9.080960e-002
7.636729e+002,1.522869e-001
7.656013e+002,1.941516e-001
7.675298e+002,2.066123e-001
7.694583e+002,1.846107e-001
7.713867e+002,1.286296e-001
7.733152e+002,4.430495e-002
7.752437e+002,-5.887737e-002
7.771721e+002,-1.693375e-001
7.791006e+002,-2.751282e-001
7.810291e+002,-3.652891e-001
7.829575e+002,-4.307108e-001
7.848860e+002,-4.646129e-001
7.868145e+002,-4.628706e-001
7.887429e+002,-4.244244e-001
7.906714e+002,-3.518662e-001
7.925999e+002,-2.520843e-001
7.945283e+002,-1.366412e-001
7.964568e+002,-2.146444e-002
7.983853e+002,7.451035e-002
8.003137e+002,1.318611e-001
8.022422e+002,1.341303e-001
8.041707e+002,7.159467e-002
8.060991e+002,-5.552150e-002
8.080276e+002,-2.353173e-001
8.099561e+002,-4.446921e-001
8.118845e+002,-6.523010e-001
8.138130e+002,-8.236747e-001
8.157415e+002,-9.276110e-001
8.176699e+002,-9.425266e-001
8.195984e+002,-8.613449e-001
8.215269e+002,-6.937189e-001
8.234553e+002,-4.649351e-001
8.253838e+002,-2.115693e-001
8.273123e+002,2.527768e-002
8.292407e+002,2.077725e-001
8.311692e+002,3.085161e-001
8.330977e+002,3.155657e-001
8.350261e+002,2.342808e-001
8.369546e+002,8.568127e-002
8.388831e+002,-9.821611e-002
8.408115e+002,-2.809767e-001
8.427400e+002,-4.287781e-001
8.446685e+002,-5.164264e-001
8.465969e+002,-5.312352e-001
8.485254e+002,-4.742018e-001
8.504539e+002,-3.585622e-001
8.523823e+002,-2.063502e-001
8.543108e+002,-4.391836e-002
8.562393e+002,1.025680e-001
8.581677e+002,2.108453e-001
8.600962e+002,2.650177e-001
8.620247e+002,2.567050e-001
8.639531e+002,1.851181e-001
8.658816e+002,5.644413e-002
8.678101e+002,-1.171029e-001
8.697385e+002,-3.183845e-001
8.716670e+002,-5.266190e-001
8.735955e+002,-7.190130e-001
8.755239e+002,-8.729337e-001
8.774524e+002,-9.686584e-001
8.793809e+002,-9.924770e-001
8.813093e+002,-9.396318e-001
8.832378e+002,-8.163730e-001
8.851663e+002,-6.403915e-001
8.870947e+002,-4.391170e-001
8.890232e+002,-2.457930e-001
8.909517e+002,-9.379993e-002
8.928801e+002,-1.021835e-002
8.948086e+002,-9.965122e-003
8.967371e+002,-9.188876e-002
8.986655e+002,-2.378928e-001
9.005940e+002,-4.155644e-001
9.025225e+002,-5.839988e-001
9.044509e+002,-7.017484e-001
9.063794e+002,-7.352735e-001
9.083079e+002,-6.660670e-001
9.102363e+002,-4.948583e-001
9.121648e+002,-2.419139e-001
9.140933e+002,5.669600e-002
9.160217e+002,3.560801e-001
9.179502e+002,6.112535e-001
9.198787e+002,7.857207e-001
9.218071e+002,8.580822e-001
9.237356e+002,8.253266e-001
9.256641e+002,7.022396e-001
9.275925e+002,5.172668e-001
9.295210e+002,3.059334e-001
9.314495e+002,1.034149e-001
9.333779e+002,-6.206464e-002
9.353064e+002,-1.736563e-001
9.372349e+002,-2.273956e-001
9.391633e+002,-2.308212e-001
9.410918e+002,-1.994098e-001
9.430203e+002,-1.519853e-001
9.449487e+002,-1.063629e-001
9.468772e+002,-7.625893e-002
9.488057e+002,-6.999671e-002
9.507341e+002,-9.094254e-002
9.526626e+002,-1.390849e-001
9.545911e+002,-2.128623e-001
9.565195e+002,-3.103606e-001
9.584480e+002,-4.292912e-001
9.603765e+002,-5.656742e-001
9.623049e+002,-7.116907e-001
9.642334e+002,-8.535922e-001
9.661619e+002,-9.707001e-001
9.680903e+002,-1.036359e+000
9.700188e+002,-1.021213e+000
9.719473e+002,-8.985213e-001
9.738757e+002,-6.505524e-001
9.758042e+002,-2.746213e-001
9.777327e+002,2.128118e-001
9.796611e+002,7.752993e-001
9.815896e+002,1.359507e+000
9.835181e+002,1.902081e+000
9.854465e+002,2.339220e+000
9.873750e+002,2.617192e+000
9.893035e+002,2.701728e+000
9.912319e+002,2.584359e+000
9.931604e+002,2.284348e+000
9.950889e+002,1.845805e+000
9.970173e+002,1.330520e+000
9.989458e+002,8.079526e-001
1.000874e+003,3.443421e-001
1.002803e+003,-7.033004e-003
1.004731e+003,-2.127554e-001
1.006660e+003,-2.623619e-001
1.008588e+003,-1.675021e-001
1.010517e+003,4.217448e-002
1.012445e+003,3.252088e-001
1.014374e+003,6.352133e-001
1.016302e+003,9.272315e-001
1.018230e+003,1.162780e+000
1.020159e+003,1.313286e+000
1.022087e+003,1.362066e+000
1.024016e+003,1.305219e+000
1.025944e+003,1.151751e+000
1.027873e+003,9.230738e-001
1.029801e+003,6.516528e-001
1.031730e+003,3.784218e-001
1.033658e+003,1.485726e-001
1.035587e+003,5.630425e-003
1.037515e+003,-1.573093e-002
1.039444e+003,1.029335e-001
1.041372e+003,3.578399e-001
1.043301e+003,7.200811e-001
1.045229e+003,1.137252e+000
1.047157e+003,1.540199e+000
1.049086e+003,1.854370e+000
1.051014e+003,2.013972e+000
1.052943e+003,1.976197e+000
1.054871e+003,1.732321e+000
1.056800e+003,1.312791e+000
1.058728e+003,7.845023e-001
1.060657e+003,2.400779e-001
1.062585e+003,-2.191730e-001
1.064514e+003,-5.033585e-001
1.066442e+003,-5.529519e-001
1.068371e+003,-3.523519e-001
1.070299e+003,6.517896e-002
1.072228e+003,6.226509e-001
1.074156e+003,1.213790e+000
1.076084e+003,1.723922e+000
1.078013e+003,2.052917e+000
1.079941e+003,2.135310e+000
1.081870e+003,1.953276e+000
1.083798e+003,1.539749e+000
1.085727e+003,9.711221e-001
1.087655e+003,3.512855e-001
1.089584e+003,-2.094140e-001
1.091512e+003,-6.157070e-001
1.093441e+003,-8.049163e-001
1.095369e+003,-7.570252e-001
1.097298e+003,-4.956543e-001
1.099226e+003,-8.037235e-002
1.101155e+003,4.074140e-001
1.103083e+003,8.815441e-001
1.105011e+003,1.267378e+000
1.106940e+003,1.514031e+000
1.108868e+003,1.600531e+000
1.110797e+003,1.535403e+000
1.112725e+003,1.350652e+000
1.114654e+003,1.092184e+000
1.116582e+003,8.091617e-001
1.118511e+003,5.446422e-001
1.120439e+003,3.291675e-001
1.122368e+003,1.780480e-001
1.124296e+003,9.214478e-002
1.126225e+003,6.124447e-002
1.128153e+003,6.877297e-002
1.130082e+003,9.660181e-002
1.132010e+003,1.290073e-001
1.133938e+003,1.552785e-001
1.135867e+003,1.708879e-001
1.137795e+003,1.774479e-001
1.139724e+003,1.817813e-001
1.141652e+003,1.944242e-001
1.143581e+003,2.277701e-001
1.145509e+003,2.939667e-001
1.147438e+003,4.026583e-001
1.149366e+003,5.587295e-001
1.151295e+003,7.603260e-001
1.153223e+003,9.975443e-001
1.155152e+003,1.252214e+000
1.157080e+003,1.499090e+000
1.159009e+003,1.708539e+000
1.160937e+003,1.850467e+000
1.162865e+003,1.898924e+000
1.164794e+003,1.836542e+000
1.166722e+003,1.657957e+000
1.168651e+003,1.371464e+000
1.170579e+003,9.985117e-001
1.172508e+003,5.710846e-001
1.174436e+003,1.274401e-001
1.176365e+003,-2.929952e-001
1.178293e+003,-6.546425e-001
1.180222e+003,-9.298577e-001
1.182150e+003,-1.101517e+000
1.184079e+003,-1.163896e+000
1.186007e+003,-1.122002e+000
1.187936e+003,-9.897985e-001
1.189864e+003,-7.878413e-001
1.191792e+003,-5.408297e-001
1.193721e+003,-2.753621e-001
1.195649e+003,-1.798972e-002
1.197578e+003,2.065289e-001
1.199506e+003,3.769431e-001
1.201435e+003,4.773071e-001
1.203363e+003,4.988096e-001
1.205292e+003,4.413894e-001
1.207220e+003,3.147170e-001
1.209149e+003,1.380838e-001
1.211077e+003,-6.115428e-002
1.213006e+003,-2.506726e-001
1.214934e+003,-3.975495e-001
1.216863e+003,-4.732945e-001
1.218791e+003,-4.586545e-001
1.220719e+003,-3.472365e-001
1.222648e+003,-1.471358e-001
1.224576e+003,1.198993e-001
1.226505e+003,4.217395e-001
1.228433e+003,7.210556e-001
1.230362e+003,9.814532e-001
1.232290e+003,1.173387e+000
1.234219e+003,1.278713e+000
1.236147e+003,1.293019e+000
1.238076e+003,1.225342e+000
1.240004e+003,1.095432e+000
1.241933e+003,9.292420e-001
1.243861e+003,7.536584e-001
1.245790e+003,5.915980e-001
1.247718e+003,4.584702e-001
1.249646e+003,3.606298e-001
1.251575e+003,2.959678e-001
1.253503e+003,2.563010e-001
1.255432e+003,2.308241e-001
1.257360e+003,2.097046e-001
1.259289e+003,1.869260e-001
1.261217e+003,1.617292e-001
1.263146e+003,1.383877e-001
1.265074e+003,1.244769e-001
1.267003e+003,1.281628e-001
1.268931e+003,1.552596e-001
1.270860e+003,2.068291e-001
1.272788e+003,2.779444e-001
1.274717e+003,3.579342e-001
1.276645e+003,4.320728e-001
1.278573e+003,4.843362e-001
1.280502e+003,5.006249e-001
1.282430e+003,4.717555e-001
1.284359e+003,3.956055e-001
1.286287e+003,2.779856e-001
1.288216e+003,1.320899e-001
1.290144e+003,-2.334762e-002
1.292073e+003,-1.668318e-001
1.294001e+003,-2.773234e-001
1.295930e+003,-3.373620e-001
1.297858e+003,-3.356235e-001
1.299787e+003,-2.685669e-001
1.301715e+003,-1.409885e-001
1.303644e+003,3.453950e-002
1.305572e+003,2.392243e-001
1.307500e+003,4.503755e-001
1.309429e+003,6.442000e-001
1.311357e+003,7.987293e-001
1.313286e+003,8.965416e-001
1.315214e+003,9.269527e-001
1.317143e+003,8.874099e-001
1.319071e+003,7.838980e-001
1.321000e+003,6.302800e-001
1.322928e+003,4.466246e-001
1.324857e+003,2.566999e-001
1.326785e+003,8.493438e-002
1.328714e+003,-4.677344e-002
1.330642e+003,-1.219868e-001
1.332571e+003,-1.320084e-001
1.334499e+003,-7.718901e-002
1.336427e+003,3.293570e-002
1.338356e+003,1.807458e-001
1.340284e+003,3.427867e-001
1.342213e+003,4.929352e-001
1.344141e+003,6.061205e-001
1.346070e+003,6.621289e-001
1.347998e+003,6.489631e-001
1.349927e+003,5.652152e-001
1.351855e+003,4.209887e-001
1.353784e+003,2.370595e-001
1.355712e+003,4.220776e-002
1.357641e+003,-1.310286e-001
1.359569e+003,-2.516184e-001
1.361498e+003,-2.954716e-001
1.363426e+003,-2.500585e-001
1.365354e+003,-1.172578e-001
1.367283e+003,8.626972e-002
1.369211e+003,3.314528e-001
1.371140e+003,5.816430e-001
1.373068e+003,7.990906e-001
1.374997e+003,9.518260e-001
1.376925e+003,1.019565e+000
1.378854e+003,9.973966e-001
1.380782e+003,8.964711e-001
1.382711e+003,7.415473e-001
1.384639e+003,5.659580e-001
1.386568e+003,4.051153e-001
1.388496e+003,2.899803e-001
1.390425e+003,2.418574e-001
1.392353e+003,2.694885e-001
1.394281e+003,3.687993e-001
1.396210e+003,5.249947e-001
1.398138e+003,7.161606e-001
1.400067e+003,9.172916e-001
1.401995e+003,1.103753e+000
1.403924e+003,1.253576e+000
1.405852e+003,1.348519e+000
1.407781e+003,1.374328e+000
1.409709e+003,1.320905e+000
1.411638e+003,1.183056e+000
1.413566e+003,9.621094e-001
1.415495e+003,6.681571e-001
1.417423e+003,3.220813e-001
1.419352e+003,-4.376253e-002
1.421280e+003,-3.873035e-001
1.423208e+003,-6.615218e-001
1.425137e+003,-8.219591e-001
1.427065e+003,-8.357341e-001
1.428994e+003,-6.900526e-001
1.430922e+003,-3.978913e-001
1.432851e+003,1.145301e-003
1.434779e+003,4.458379e-001
1.436708e+003,8.638790e-001
1.438636e+003,1.186074e+000
1.440565e+003,1.361196e+000
1.442493e+003,1.367981e+000
1.444422e+003,1.221108e+000
1.446350e+003,9.692630e-001
1.448279e+003,6.851587e-001
1.450207e+003,4.494025e-001
1.452135e+003,3.316899e-001
1.454064e+003,3.736703e-001
1.455992e+003,5.776202e-001
1.457921e+003,9.038414e-001
1.459849e+003,1.277721e+000
1.461778e+003,1.605124e+000
1.463706e+003,1.792800e+000
1.465635e+003,1.769254e+000
1.467563e+003,1.501370e+000
1.469492e+003,1.003023e+000
1.471420e+003,3.337304e-001
1.473349e+003,-4.123405e-001
1.475277e+003,-1.124564e+000
1.477206e+003,-1.697236e+000
1.479134e+003,-2.049553e+000
1.481063e+003,-2.140037e+000
1.482991e+003,-1.972623e+000
1.484919e+003,-1.593490e+000
1.486848e+003,-1.079767e+000
1.488776e+003,-5.228506e-001
1.490705e+003,-1.005602e-002
1.492633e+003,3.915738e-001
1.494562e+003,6.461688e-001
1.496490e+003,7.528114e-001
1.498419e+003,7.419277e-001
1.500347e+003,6.655455e-001
1.502276e+003,5.838166e-001
1.504204e+003,5.507889e-001
1.506133e+003,6.023857e-001
1.508061e+003,7.489396e-001
1.509990e+003,9.736155e-001
1.511918e+003,1.236833e+000
1.513846e+003,1.485612e+000
1.515775e+003,1.665818e+000
1.517703e+003,1.734721e+000
1.519632e+003,1.671250e+000
1.521560e+003,1.481746e+000
1.523489e+003,1.199932e+000
1.525417e+003,8.809369e-001
1.527346e+003,5.904761e-001
1.529274e+003,3.913226e-001
1.531203e+003,3.298596e-001
1.533131e+003,4.256118e-001
1.535060e+003,6.661217e-001
1.536988e+003,1.008481e+000
1.538917e+003,1.387408e+000
1.540845e+003,1.728327e+000
1.542773e+003,1.962720e+000
1.544702e+003,2.042430e+000
1.546630e+003,1.949755e+000
1.548559e+003,1.701024e+000
1.550487e+003,1.342818e+000
1.552416e+003,9.416581e-001
1.554344e+003,5.695007e-001
1.556273e+003,2.883395e-001
1.558201e+003,1.374277e-001
1.560130e+003,1.259653e-001
1.562058e+003,2.327766e-001
1.563987e+003,4.128143e-001
1.565915e+003,6.087092e-001
1.567844e+003,7.644417e-001
1.569772e+003,8.378153e-001
1.571700e+003,8.088617e-001
1.573629e+003,6.824433e-001
1.575557e+003,4.848529e-001
1.577486e+003,2.557079e-001
1.579414e+003,3.751919e-002
1.581343e+003,-1.342782e-001
1.583271e+003,-2.384024e-001
1.585200e+003,-2.704498e-001
1.587128e+003,-2.410946e-001
1.589057e+003,-1.708215e-001
1.590985e+003,-8.308079e-002
1.592914e+003,2.028521e-003
1.594842e+003,7.184739e-002
1.596771e+003,1.222102e-001
1.598699e+003,1.557030e-001
1.600627e+003,1.782559e-001
1.602556e+003,1.956490e-001
1.604484e+003,2.113809e-001
1.606413e+003,2.267187e-001
1.608341e+003,2.428185e-001
1.610270e+003,2.639049e-001
1.612198e+003,2.999470e-001
1.614127e+003,3.672609e-001
1.616055e+003,4.860589e-001
1.617984e+003,6.749857e-001
1.619912e+003,9.438244e-001
1.621841e+003,1.286462e+000
1.623769e+003,1.676541e+000
1.625698e+003,2.067822e+000
1.627626e+003,2.400203e+000
1.629554e+003,2.610831e+000
1.631483e+003,2.648168e+000
1.633411e+003,2.485774e+000
1.635340e+003,2.132200e+000
1.637268e+003,1.634004e+000
1.639197e+003,1.070337e+000
1.641125e+003,5.395519e-001
1.643054e+003,1.403155e-001
1.644982e+003,-4.878844e-002
1.646911e+003,1.347028e-002
1.648839e+003,3.209300e-001
1.650768e+003,8.198071e-001
1.652696e+003,1.418634e+000
1.654625e+003,2.006356e+000
1.656553e+003,2.474679e+000
1.658481e+003,2.739746e+000
1.660410e+003,2.758411e+000
1.662338e+003,2.535681e+000
1.664267e+003,2.121961e+000
1.666195e+003,1.601106e+000
1.668124e+003,1.072302e+000
1.670052e+003,6.300116e-001
1.671981e+003,3.464004e-001
1.673909e+003,2.597302e-001
1.675838e+003,3.705779e-001
1.677766e+003,6.457741e-001
1.679695e+003,1.028225e+000
1.681623e+003,1.449705e+000
1.683552e+003,1.843467e+000
1.685480e+003,2.154148e+000
1.687408e+003,2.343567e+000
1.689337e+003,2.392383e+000
1.691265e+003,2.298628e+000
1.693194e+003,2.074687e+000
1.695122e+003,1.744165e+000
1.697051e+003,1.339447e+000
1.698979e+003,8.999192e-001
1.700908e+003,4.700376e-001
1.702836e+003,9.618104e-002
1.704765e+003,-1.785014e-001
1.706693e+003,-3.212028e-001
1.708622e+003,-3.174159e-001
1.710550e+003,-1.776796e-001
1.712479e+003,5.935217e-002
1.714407e+003,3.296238e-001
1.716335e+003,5.531056e-001
1.718264e+003,6.491451e-001
1.720192e+003,5.551006e-001
1.722121e+003,2.441963e-001
1.724049e+003,-2.619792e-001
1.725978e+003,-8.902674e-001
1.727906e+003,-1.524179e+000
1.729835e+003,-2.023173e+000
1.731763e+003,-2.249845e+000
1.733692e+003,-2.099669e+000
1.735620e+003,-1.526851e+000
1.737549e+003,-5.602099e-001
1.739477e+003,6.951253e-001
1.741406e+003,2.071507e+000
1.743334e+003,3.365973e+000
1.745262e+003,4.375772e+000
1.747191e+003,4.935199e+000
1.749119e+003,4.946291e+000
1.751048e+003,4.397184e+000
1.752976e+003,3.364494e+000
1.754905e+003,1.999417e+000
1.756833e+003,5.005587e-001
1.758762e+003,-9.209279e-001
1.760690e+003,-2.076979e+000
1.762619e+003,-2.832347e+000
1.764547e+003,-3.123260e+000
1.766476e+003,-2.962351e+000
1.768404e+003,-2.430038e+000
1.770333e+003,-1.655077e+000
1.772261e+003,-7.887782e-001
1.774189e+003,2.193488e-002
1.776118e+003,6.577872e-001
1.778046e+003,1.043169e+000
1.779975e+003,1.153048e+000
1.781903e+003,1.010746e+000
1.783832e+003,6.781105e-001
1.785760e+003,2.406372e-001
1.787689e+003,-2.094306e-001
1.789617e+003,-5.891143e-001
1.791546e+003,-8.374270e-001
1.793474e+003,-9.232143e-001
1.795403e+003,-8.473865e-001
1.797331e+003,-6.396996e-001
1.799260e+003,-3.510014e-001
1.801188e+003,-4.247130e-002
1.803116e+003,2.262278e-001
1.805045e+003,4.078412e-001
1.806973e+003,4.755712e-001
1.808902e+003,4.268902e-001
1.810830e+003,2.824658e-001
1.812759e+003,8.047742e-002
1.814687e+003,-1.324675e-001
1.816616e+003,-3.118730e-001
1.818544e+003,-4.250430e-001
1.820473e+003,-4.577520e-001
1.822401e+003,-4.163820e-001
1.824330e+003,-3.250478e-001
1.826258e+003,-2.184431e-001
1.828187e+003,-1.321970e-001
1.830115e+003,-9.319927e-002
1.832043e+003,-1.123914e-001
1.833972e+003,-1.819290e-001
1.835900e+003,-2.775099e-001
1.837829e+003,-3.653030e-001
1.839757e+003,-4.116785e-001
1.841686e+003,-3.931425e-001
1.843614e+003,-3.037578e-001
1.845543e+003,-1.579499e-001
1.847471e+003,1.221890e-002
1.849400e+003,1.647493e-001
1.851328e+003,2.584699e-001
1.853257e+003,2.640753e-001
1.855185e+003,1.725089e-001
1.857114e+003,-1.623377e-003
1.859042e+003,-2.226462e-001
1.860970e+003,-4.419128e-001
1.862899e+003,-6.094431e-001
1.864827e+003,-6.861921e-001
1.866756e+003,-6.538275e-001
1.868684e+003,-5.195047e-001
1.870613e+003,-3.143781e-001
1.872541e+003,-8.618288e-002
1.874470e+003,1.122771e-001
1.876398e+003,2.358718e-001
1.878327e+003,2.579482e-001
1.880255e+003,1.765307e-001
1.882184e+003,1.443374e-002
1.884112e+003,-1.866740e-001
1.886041e+003,-3.767056e-001
1.887969e+003,-5.094607e-001
1.889897e+003,-5.537528e-001
1.891826e+003,-5.006618e-001
1.893754e+003,-3.652273e-001
1.895683e+003,-1.823004e-001
1.897611e+003,2.301081e-003
1.899540e+003,1.430746e-001
1.901468e+003,2.057626e-001
1.903397e+003,1.753141e-001
1.905325e+003,5.905624e-002
1.907254e+003,-1.155430e-001
1.909182e+003,-3.078163e-001
1.911111e+003,-4.737535e-001
1.913039e+003,-5.763437e-001
1.914968e+003,-5.939571e-001
1.916896e+003,-5.248727e-001
1.918824e+003,-3.870307e-001
1.920753e+003,-2.132539e-001
1.922681e+003,-4.321864e-002
1.924610e+003,8.583534e-002
1.926538e+003,1.474569e-001
1.928467e+003,1.315139e-001
1.930395e+003,4.575053e-002
1.932324e+003,-8.681124e-002
1.934252e+003,-2.338437e-001
1.936181e+003,-3.615299e-001
1.938109e+003,-4.423448e-001
1.940038e+003,-4.610081e-001
1.941966e+003,-4.173255e-001
1.943895e+003,-3.254050e-001
1.945823e+003,-2.096016e-001
1.947751e+003,-9.828831e-002
1.949680e+003,-1.700478e-002
1.951608e+003,1.738413e-002
1.953537e+003,1.946777e-004
1.955465e+003,-6.062574e-002
1.957394e+003,-1.470747e-001
1.959322e+003,-2.359519e-001
1.961251e+003,-3.047394e-001
1.963179e+003,-3.370551e-001
1.965108e+003,-3.263814e-001
1.967036e+003,-2.772391e-001
1.968965e+003,-2.036208e-001
1.970893e+003,-1.251694e-001
1.972822e+003,-6.211635e-002
1.974750e+003,-3.026060e-002
1.976678e+003,-3.721714e-002
1.978607e+003,-8.080890e-002
1.980535e+003,-1.499191e-001
1.982464e+003,-2.275099e-001
1.984392e+003,-2.949835e-001
1.986321e+003,-3.367682e-001
1.988249e+003,-3.439891e-001
1.990178e+003,-3.163581e-001
1.992106e+003,-2.618855e-001
1.994035e+003,-1.945748e-001
1.995963e+003,-1.307543e-001
1.997892e+003,-8.500865e-002
1.999820e+003,-6.673363e-002
2.001749e+003,-7.813695e-002
2.003677e+003,-1.141081e-001
2.005605e+003,-1.638967e-001
2.007534e+003,-2.140883e-001
2.009462e+003,-2.520700e-001
2.011391e+003,-2.690946e-001
2.013319e+003,-2.622004e-001
2.015248e+003,-2.345746e-001
2.017176e+003,-1.943543e-001
2.019105e+003,-1.522629e-001
2.021033e+003,-1.187432e-001
2.022962e+003,-1.013412e-001
2.024890e+003,-1.029880e-001
2.026819e+003,-1.215604e-001
2.028747e+003,-1.507531e-001
2.030676e+003,-1.819628e-001
2.032604e+003,-2.066414e-001
2.034532e+003,-2.184917e-001
2.036461e+003,-2.149522e-001
2.038389e+003,-1.976341e-001
2.040318e+003,-1.716610e-001
2.042246e+003,-1.441427e-001
2.044175e+003,-1.222255e-001
2.046103e+003,-1.112436e-001
2.048032e+003,-1.134377e-001
2.049960e+003,-1.275409e-001
2.051889e+003,-1.492873e-001
2.053817e+003,-1.726634e-001
2.055746e+003,-1.915411e-001
2.057674e+003,-2.012516e-001
2.059603e+003,-1.997019e-001
2.061531e+003,-1.877714e-001
2.063459e+003,-1.689291e-001
2.065388e+003,-1.482098e-001
2.067316e+003,-1.308500e-001
2.069245e+003,-1.209496e-001
2.071173e+003,-1.204998e-001
2.073102e+003,-1.290050e-001
2.075030e+003,-1.437559e-001
2.076959e+003,-1.606457e-001
2.078887e+003,-1.752833e-001
2.080816e+003,-1.841023e-001
2.082744e+003,-1.851820e-001
2.084673e+003,-1.785964e-001
2.086601e+003,-1.662375e-001
2.088530e+003,-1.512048e-001
2.090458e+003,-1.369524e-001
2.092386e+003,-1.264326e-001
2.094315e+003,-1.214521e-001
2.096243e+003,-1.223802e-001
2.098172e+003,-1.282385e-001
2.100100e+003,-1.371031e-001
2.102029e+003,-1.466731e-001
2.103957e+003,-1.548398e-001
2.105886e+003,-1.601131e-001
2.107814e+003,-1.618258e-001
2.109743e+003,-1.601068e-001
2.111671e+003,-1.556845e-001
2.113600e+003,-1.496077e-001
2.115528e+003,-1.429794e-001
2.117457e+003,-1.367656e-001
2.119385e+003,-1.316993e-001
2.121313e+003,-1.282639e-001
2.123242e+003,-1.267129e-001
2.125170e+003,-1.270903e-001
2.127099e+003,-1.292329e-001
2.129027e+003,-1.327613e-001
2.130956e+003,-1.370884e-001
2.132884e+003,-1.414748e-001
2.134813e+003,-1.451431e-001
2.136741e+003,-1.474374e-001
2.138670e+003,-1.479827e-001
2.140598e+003,-1.467883e-001
2.142527e+003,-1.442477e-001
2.144455e+003,-1.410214e-001
2.146384e+003,-1.378301e-001
2.148312e+003,-1.352253e-001
2.150240e+003,-1.334209e-001
2.152169e+003,-1.322526e-001
2.154097e+003,-1.312924e-001
2.156026e+003,-1.300797e-001
2.157954e+003,-1.283878e-001
2.159883e+003,-1.264137e-001
2.161811e+003,-1.248012e-001
2.163740e+003,-1.244622e-001
2.165668e+003,-1.262374e-001
2.167597e+003,-1.305088e-001
2.169525e+003,-1.369131e-001
2.171454e+003,-1.442831e-001
2.173382e+003,-1.508817e-001
2.175311e+003,-1.548863e-001
2.177239e+003,-1.549830e-001
2.179167e+003,-1.508748e-001
2.181096e+003,-1.435092e-001
2.183024e+003,-1.349152e-001
2.184953e+003,-1.276585e-001
2.186881e+003,-1.240683e-001
2.188810e+003,-1.254747e-001
2.190738e+003,-1.317214e-001
2.192667e+003,-1.411371e-001
2.194595e+003,-1.510099e-001
2.196524e+003,-1.584302e-001
2.198452e+003,-1.612391e-001
2.200381e+003,-1.587595e-001
2.202309e+003,-1.520493e-001
2.204238e+003,-1.435712e-001
2.206166e+003,-1.363718e-001
2.208094e+003,-1.330463e-001
2.210023e+003,-1.348446e-001
2.211951e+003,-1.412473e-001
2.213880e+003,-1.501696e-001
2.215808e+003,-1.587318e-001
2.217737e+003,-1.643126e-001
2.219665e+003,-1.654905e-001
2.221594e+003,-1.625002e-001
2.223522e+003,-1.570113e-001
2.225451e+003,-1.513043e-001
2.227379e+003,-1.471751e-001
2.229308e+003,-1.450487e-001
2.231236e+003,-1.437453e-001
2.233165e+003,-1.411069e-001
2.235093e+003,-1.353469e-001
2.237021e+003,-1.266239e-001
2.238950e+003,-1.181386e-001
2.240878e+003,-1.160976e-001
2.242807e+003,-1.282104e-001
2.244735e+003,-1.609159e-001
2.246664e+003,-2.160966e-001
2.248592e+003,-2.884232e-001
2.250521e+003,-3.645174e-001
2.252449e+003,-4.247190e-001
2.254378e+003,-4.474969e-001
2.256306e+003,-4.156128e-001
2.258235e+003,-3.223815e-001
2.260163e+003,-1.760063e-001
2.262092e+003,-2.501538e-004
2.264020e+003,1.694117e-001
2.265948e+003,2.936920e-001
2.267877e+003,3.396242e-001
2.269805e+003,2.901545e-001
2.271734e+003,1.502217e-001
2.273662e+003,-5.290410e-002
2.275591e+003,-2.757196e-001
2.277519e+003,-4.697818e-001
2.279448e+003,-5.952001e-001
2.281376e+003,-6.323513e-001
2.283305e+003,-5.880252e-001
2.285233e+003,-4.936458e-001
2.287162e+003,-3.955463e-001
2.289090e+003,-3.398595e-001
2.291019e+003,-3.566059e-001
2.292947e+003,-4.482661e-001
2.294875e+003,-5.871869e-001
2.296804e+003,-7.236527e-001
2.298732e+003,-8.030459e-001
2.300661e+003,-7.871931e-001
2.302589e+003,-6.728777e-001
2.304518e+003,-5.004162e-001
2.306446e+003,-3.474563e-001
2.308375e+003,-3.073443e-001
2.310303e+003,-4.564407e-001
2.312232e+003,-8.191900e-001
2.314160e+003,-1.342065e+000
2.316089e+003,-1.886732e+000
2.318017e+003,-2.248697e+000
2.319946e+003,-2.201100e+000
2.321874e+003,-1.555778e+000
2.323802e+003,-2.273916e-001
2.325731e+003,1.716826e+000
2.327659e+003,4.037908e+000
2.329588e+003,6.346923e+000
2.331516e+003,8.168630e+000
2.333445e+003,9.037151e+000
2.335373e+003,8.604400e+000
2.337302e+003,6.736486e+000
2.339230e+003,3.573656e+000
2.341159e+003,-4.642814e-001
2.343087e+003,-4.733663e+000
2.345016e+003,-8.476545e+000
2.346944e+003,-1.096386e+001
2.348873e+003,-1.164285e+001
2.350801e+003,-1.025699e+001
2.352729e+003,-6.911309e+000
2.354658e+003,-2.067291e+000
2.356586e+003,3.533523e+000
2.358515e+003,9.002488e+000
2.360443e+003,1.346637e+001
2.362372e+003,1.622609e+001
2.364300e+003,1.687955e+001
2.366229e+003,1.538467e+001
2.368157e+003,1.205188e+001
2.370086e+003,7.470763e+000
2.372014e+003,2.388838e+000
2.373943e+003,-2.430552e+000
2.375871e+003,-6.341610e+000
2.377800e+003,-8.915258e+000
2.379728e+003,-9.987821e+000
2.381656e+003,-9.654922e+000
2.383585e+003,-8.218134e+000
2.385513e+003,-6.100833e+000
2.387442e+003,-3.754172e+000
2.389370e+003,-1.573284e+000
2.391299e+003,1.610781e-001
2.393227e+003,1.308093e+000
2.395156e+003,1.860353e+000
2.397084e+003,1.912856e+000
2.399013e+003,1.619006e+000
2.400941e+003,1.145754e+000
2.402870e+003,6.376973e-001
2.404798e+003,1.958058e-001
2.406727e+003,-1.282845e-001
2.408655e+003,-3.253708e-001
2.410583e+003,-4.144758e-001
2.412512e+003,-4.270735e-001
2.414440e+003,-3.943036e-001
2.416369e+003,-3.396123e-001
2.418297e+003,-2.769763e-001
2.420226e+003,-2.131367e-001
2.422154e+003,-1.514640e-001
2.424083e+003,-9.525503e-002
2.426011e+003,-4.912958e-002
2.427940e+003,-1.833937e-002
2.429868e+003,-6.755063e-003
2.431797e+003,-1.477192e-002
2.433725e+003,-3.827574e-002
2.435654e+003,-6.925829e-002
2.437582e+003,-9.794337e-002
2.439510e+003,-1.156688e-001
2.441439e+003,-1.174762e-001
2.443367e+003,-1.034921e-001
2.445296e+003,-7.863885e-002
2.447224e+003,-5.081550e-002
2.449153e+003,-2.821343e-002
2.451081e+003,-1.669719e-002
2.453010e+003,-1.810545e-002
2.454938e+003,-2.997661e-002
2.456867e+003,-4.668936e-002
2.458795e+003,-6.154501e-002
2.460724e+003,-6.903411e-002
2.462652e+003,-6.652714e-002
2.464581e+003,-5.487522e-002
2.466509e+003,-3.781170e-002
2.468438e+003,-2.045038e-002
2.470366e+003,-7.459067e-003
2.472294e+003,-1.544473e-003
2.474223e+003,-2.733204e-003
2.476151e+003,-8.625250e-003
2.478080e+003,-1.545179e-002
2.480008e+003,-1.951356e-002
2.481937e+003,-1.847624e-002
2.483865e+003,-1.208975e-002
2.485794e+003,-2.126917e-003
2.487722e+003,8.381643e-003
2.489651e+003,1.630501e-002
2.491579e+003,1.953407e-002
2.493508e+003,1.768727e-002
2.495436e+003,1.218101e-002
2.497365e+003,5.676813e-003
2.499293e+003,1.129389e-003
2.501221e+003,7.795115e-004
2.503150e+003,5.430148e-003
2.505078e+003,1.423124e-002
2.507007e+003,2.501322e-002
2.508935e+003,3.502249e-002
2.510864e+003,4.179898e-002
2.512792e+003,4.389946e-002
2.514721e+003,4.125276e-002
2.516649e+003,3.506486e-002
2.518578e+003,2.735002e-002
2.520506e+003,2.027222e-002
2.522435e+003,1.552575e-002
2.524363e+003,1.394660e-002
2.526292e+003,1.544407e-002
2.528220e+003,1.922788e-002
2.530148e+003,2.420988e-002
2.532077e+003,2.941472e-002
2.534005e+003,3.425774e-002
2.535934e+003,3.861063e-002
2.537862e+003,4.266860e-002
2.539791e+003,4.670315e-002
2.541719e+003,5.082002e-002
2.543648e+003,5.482684e-002
2.545576e+003,5.826126e-002
2.547505e+003,6.056318e-002
2.549433e+003,6.131339e-002
2.551362e+003,6.043934e-002
2.553290e+003,5.830156e-002
2.555219e+003,5.562529e-002
2.557147e+003,5.329807e-002
2.559075e+003,5.210809e-002
2.561004e+003,5.251726e-002
2.562932e+003,5.454874e-002
2.564861e+003,5.782400e-002
2.566789e+003,6.173104e-002
2.568718e+003,6.565481e-002
2.570646e+003,6.918617e-002
2.572575e+003,7.223132e-002
2.574503e+003,7.498902e-002
2.576432e+003,7.780932e-002
2.578360e+003,8.099379e-002
2.580289e+003,8.461744e-002
2.582217e+003,8.844329e-002
2.584146e+003,9.196297e-002
2.586074e+003,9.455562e-002
2.588002e+003,9.570566e-002
2.589931e+003,9.520537e-002
2.591859e+003,9.327029e-002
2.593788e+003,9.052325e-002
2.595716e+003,8.785302e-002
2.597645e+003,8.618910e-002
2.599573e+003,8.626398e-002
2.601502e+003,8.843441e-002
2.603430e+003,9.261062e-002
2.605359e+003,9.830685e-002
2.607287e+003,1.047881e-001
2.609216e+003,1.112585e-001
2.611144e+003,1.170385e-001
2.613073e+003,1.216775e-001
2.615001e+003,1.249895e-001
2.616929e+003,1.270163e-001
2.618858e+003,1.279512e-001
2.620786e+003,1.280590e-001
2.622715e+003,1.276224e-001
2.624643e+003,1.269196e-001
2.626572e+003,1.262312e-001
2.628500e+003,1.258457e-001
2.630429e+003,1.260508e-001
2.632357e+003,1.270934e-001
2.634286e+003,1.291206e-001
2.636214e+003,1.321214e-001
2.638143e+003,1.358985e-001
2.640071e+003,1.400897e-001
2.642000e+003,1.442454e-001
2.643928e+003,1.479412e-001
2.645856e+003,1.508940e-001
2.647785e+003,1.530414e-001
2.649713e+003,1.545578e-001
2.651642e+003,1.557945e-001
2.653570e+003,1.571692e-001
2.655499e+003,1.590357e-001
2.657427e+003,1.615826e-001
2.659356e+003,1.647951e-001
2.661284e+003,1.684905e-001
2.663213e+003,1.724160e-001
2.665141e+003,1.763659e-001
2.667070e+003,1.802759e-001
2.668998e+003,1.842537e-001
2.670927e+003,1.885313e-001
2.672855e+003,1.933530e-001
2.674783e+003,1.988386e-001
2.676712e+003,2.048710e-001
2.678640e+003,2.110525e-001
2.680569e+003,2.167518e-001
2.682497e+003,2.212293e-001
2.684426e+003,2.238104e-001
2.686354e+003,2.240474e-001
2.688283e+003,2.218302e-001
2.690211e+003,2.174141e-001
2.692140e+003,2.113634e-001
2.694068e+003,2.044395e-001
2.695997e+003,1.974711e-001
2.697925e+003,1.912468e-001
2.699854e+003,1.864506e-001
2.701782e+003,1.836417e-001
2.703710e+003,1.832542e-001
2.705639e+003,1.855917e-001
2.707567e+003,1.907926e-001
2.709496e+003,1.987693e-001
2.711424e+003,2.091422e-001
2.713353e+003,2.212088e-001
2.715281e+003,2.339861e-001
2.717210e+003,2.463405e-001
2.719138e+003,2.571926e-001
2.721067e+003,2.657413e-001
2.722995e+003,2.716386e-001
2.724924e+003,2.750481e-001
2.726852e+003,2.765543e-001
2.728781e+003,2.769380e-001
2.730709e+003,2.768904e-001
2.732637e+003,2.767636e-001
2.734566e+003,2.764584e-001
2.736494e+003,2.755075e-001
2.738423e+003,2.733393e-001
2.740351e+003,2.696393e-001
2.742280e+003,2.646692e-001
2.744208e+003,2.594035e-001
2.746137e+003,2.553896e-001
2.748065e+003,2.543340e-001
2.749994e+003,2.575200e-001
2.751922e+003,2.652532e-001
2.753851e+003,2.765407e-001
2.755779e+003,2.891741e-001
2.757708e+003,3.002470e-001
2.759636e+003,3.069994e-001
2.761564e+003,3.077347e-001
2.763493e+003,3.024977e-001
2.765421e+003,2.932399e-001
2.767350e+003,2.833461e-001
2.769278e+003,2.766061e-001
2.771207e+003,2.759255e-001
2.773135e+003,2.822089e-001
2.775064e+003,2.938402e-001
2.776992e+003,3.070338e-001
2.778921e+003,3.170490e-001
2.780849e+003,3.199455e-001
2.782778e+003,3.143073e-001
2.784706e+003,3.022797e-001
2.786635e+003,2.894082e-001
2.788563e+003,2.831104e-001
2.790491e+003,2.900865e-001
2.792420e+003,3.134103e-001
2.794348e+003,3.503069e-001
2.796277e+003,3.915775e-001
2.798205e+003,4.232480e-001
2.800134e+003,4.303722e-001
2.802062e+003,4.021578e-001
2.803991e+003,3.369788e-001
2.805919e+003,2.455695e-001
2.807848e+003,1.509371e-001
2.809776e+003,8.427932e-002
2.811705e+003,7.730669e-002
2.813633e+003,1.525432e-001
2.815562e+003,3.141032e-001
2.817490e+003,5.417545e-001
2.819418e+003,7.906355e-001
2.821347e+003,9.977873e-001
2.823275e+003,1.094948e+000
2.825204e+003,1.025242e+000
2.827132e+003,7.599825e-001
2.829061e+003,3.112405e-001
2.830989e+003,-2.636586e-001
2.832918e+003,-8.679424e-001
2.834846e+003,-1.381388e+000
2.836775e+003,-1.683825e+000
2.838703e+003,-1.681323e+000
2.840632e+003,-1.329172e+000
2.842560e+003,-6.460087e-001
2.844489e+003,2.848094e-001
2.846417e+003,1.327743e+000
2.848345e+003,2.319460e+000
2.850274e+003,3.100150e+000
2.852202e+003,3.545038e+000
2.854131e+003,3.589149e+000
2.856059e+003,3.239737e+000
2.857988e+003,2.573621e+000
2.859916e+003,1.720060e+000
2.861845e+003,8.331538e-001
2.863773e+003,6.010181e-002
2.865702e+003,-4.875171e-001
2.867630e+003,-7.531551e-001
2.869559e+003,-7.414944e-001
2.871487e+003,-5.107722e-001
2.873416e+003,-1.538725e-001
2.875344e+003,2.266195e-001
2.877272e+003,5.430403e-001
2.879201e+003,7.410260e-001
2.881129e+003,8.076217e-001
2.883058e+003,7.679181e-001
2.884986e+003,6.720017e-001
2.886915e+003,5.763913e-001
2.888843e+003,5.253558e-001
2.890772e+003,5.372585e-001
2.892700e+003,5.995118e-001
2.894629e+003,6.732811e-001
2.896557e+003,7.064145e-001
2.898486e+003,6.509022e-001
2.900414e+003,4.800061e-001
2.902343e+003,2.003272e-001
2.904271e+003,-1.445941e-001
2.906199e+003,-4.803801e-001
2.908128e+003,-7.164276e-001
2.910056e+003,-7.657393e-001
2.911985e+003,-5.654330e-001
2.913913e+003,-9.322277e-002
2.915842e+003,6.238956e-001
2.917770e+003,1.510765e+000
2.919699e+003,2.454875e+000
2.921627e+003,3.324693e+000
2.923556e+003,3.991913e+000
2.925484e+003,4.353331e+000
2.927413e+003,4.348319e+000
2.929341e+003,3.968893e+000
2.931270e+003,3.260852e+000
2.933198e+003,2.316169e+000
2.935126e+003,1.258277e+000
2.937055e+003,2.230098e-001
2.938983e+003,-6.615801e-001
2.940912e+003,-1.293317e+000
2.942840e+003,-1.609288e+000
2.944769e+003,-1.592776e+000
2.946697e+003,-1.273100e+000
2.948626e+003,-7.187607e-001
2.950554e+003,-2.528222e-002
2.952483e+003,7.001963e-001
2.954411e+003,1.355132e+000
2.956340e+003,1.856126e+000
2.958268e+003,2.149672e+000
2.960197e+003,2.217617e+000
2.962125e+003,2.076731e+000
2.964053e+003,1.772723e+000
2.965982e+003,1.369991e+000
2.967910e+003,9.390780e-001
2.969839e+003,5.441508e-001
2.971767e+003,2.327590e-001
2.973696e+003,2.961409e-002
2.975624e+003,-6.470196e-002
2.977553e+003,-7.018873e-002
2.979481e+003,-2.011129e-002
2.981410e+003,4.829790e-002
2.983338e+003,1.029984e-001
2.985267e+003,1.241805e-001
2.987195e+003,1.077679e-001
2.989124e+003,6.483016e-002
2.991052e+003,1.729794e-002
2.992980e+003,-8.792667e-003
2.994909e+003,9.209450e-003
2.996837e+003,8.417069e-002
2.998766e+003,2.153652e-001
3.000694e+003,3.880791e-001
3.002623e+003,5.766250e-001
3.004551e+003,7.499561e-001
3.006480e+003,8.785054e-001
3.008408e+003,9.406351e-001
3.010337e+003,9.272396e-001
3.012265e+003,8.435216e-001
3.014194e+003,7.076487e-001
3.016122e+003,5.467044e-001
3.018051e+003,3.909398e-001
3.019979e+003,2.676435e-001
3.021907e+003,1.959669e-001
3.023836e+003,1.837472e-001
3.025764e+003,2.268679e-001
3.027693e+003,3.111154e-001
3.029621e+003,4.159512e-001
3.031550e+003,5.192529e-001
3.033478e+003,6.019483e-001
3.035407e+003,6.515753e-001
3.037335e+003,6.641187e-001
3.039264e+003,6.438979e-001
3.041192e+003,6.017222e-001
3.043121e+003,5.518757e-001
3.045049e+003,5.086945e-001
3.046978e+003,4.835063e-001
3.048906e+003,4.825470e-001
3.050834e+003,5.061946e-001
3.052763e+003,5.495380e-001
3.054691e+003,6.040069e-001
3.056620e+003,6.595867e-001
3.058548e+003,7.070739e-001
3.060477e+003,7.398710e-001
3.062405e+003,7.549921e-001
3.064334e+003,7.531555e-001
3.066262e+003,7.380664e-001
3.068191e+003,7.151605e-001
3.070119e+003,6.901674e-001
3.072048e+003,6.678484e-001
3.073976e+003,6.511752e-001
3.075905e+003,6.410752e-001
3.077833e+003,6.367126e-001
3.079761e+003,6.361508e-001
3.081690e+003,6.371612e-001
3.083618e+003,6.379420e-001
3.085547e+003,6.375660e-001
3.087475e+003,6.360692e-001
3.089404e+003,6.342081e-001
3.091332e+003,6.330015e-001
3.093261e+003,6.332240e-001
3.095189e+003,6.350186e-001
3.097118e+003,6.377511e-001
3.099046e+003,6.401451e-001
3.100975e+003,6.406540e-001
3.102903e+003,6.379574e-001
3.104832e+003,6.314324e-001
3.106760e+003,6.214598e-001
3.108688e+003,6.094720e-001
3.110617e+003,5.977214e-001
3.112545e+003,5.888192e-001
3.114474e+003,5.851604e-001
3.116402e+003,5.883744e-001
3.118331e+003,5.989321e-001
3.120259e+003,6.160059e-001
3.122188e+003,6.376059e-001
3.124116e+003,6.609591e-001
3.126045e+003,6.830394e-001
3.127973e+003,7.011284e-001
3.129902e+003,7.132898e-001
3.131830e+003,7.186664e-001
3.133759e+003,7.175573e-001
3.135687e+003,7.112803e-001
3.137615e+003,7.018742e-001
3.139544e+003,6.917118e-001
3.141472e+003,6.831097e-001
3.143401e+003,6.779993e-001
3.145329e+003,6.777030e-001
3.147258e+003,6.828281e-001
3.149186e+003,6.932651e-001
3.151115e+003,7.082700e-001
3.153043e+003,7.265952e-001
3.154972e+003,7.466531e-001
3.156900e+003,7.666949e-001
3.158829e+003,7.849988e-001
3.160757e+003,8.000624e-001
3.162686e+003,8.107914e-001
3.164614e+003,8.166620e-001
3.166542e+003,8.178328e-001
3.168471e+003,8.151722e-001
3.170399e+003,8.101786e-001
3.172328e+003,8.047826e-001
3.174256e+003,8.010505e-001
3.176185e+003,8.008291e-001
3.178113e+003,8.053957e-001
3.180042e+003,8.151841e-001
3.181970e+003,8.296530e-001
3.183899e+003,8.473344e-001
3.185827e+003,8.660654e-001
3.187756e+003,8.833702e-001
3.189684e+003,8.969187e-001
3.191613e+003,9.049715e-001
3.193541e+003,9.067186e-001
3.195469e+003,9.024423e-001
3.197398e+003,8.934662e-001
3.199326e+003,8.819030e-001
3.201255e+003,8.702495e-001
3.203183e+003,8.609169e-001
3.205112e+003,8.557868e-001
3.207040e+003,8.558843e-001
3.208969e+003,8.612251e-001
3.210897e+003,8.708598e-001
3.212826e+003,8.830941e-001
3.214754e+003,8.958321e-001
3.216683e+003,9.069667e-001
3.218611e+003,9.147413e-001
3.220540e+003,9.180158e-001
3.222468e+003,9.164007e-001
3.224396e+003,9.102492e-001
3.226325e+003,9.005295e-001
3.228253e+003,8.886164e-001
3.230182e+003,8.760552e-001
3.232110e+003,8.643408e-001
3.234039e+003,8.547505e-001
3.235967e+003,8.482441e-001
3.237896e+003,8.454322e-001
3.239824e+003,8.465964e-001
3.241753e+003,8.517383e-001
3.243681e+003,8.606381e-001
3.245610e+003,8.729019e-001
3.247538e+003,8.879952e-001
3.249467e+003,9.052614e-001
3.251395e+003,9.239357e-001
3.253323e+003,9.431669e-001
3.255252e+003,9.620571e-001
3.257180e+003,9.797247e-001
3.259109e+003,9.953865e-001
3.261037e+003,1.008450e+000
3.262966e+003,1.018601e+000
3.264894e+003,1.025863e+000
3.266823e+003,1.030612e+000
3.268751e+003,1.033541e+000
3.270680e+003,1.035556e+000
3.272608e+003,1.037625e+000
3.274537e+003,1.040586e+000
3.276465e+003,1.044963e+000
3.278394e+003,1.050811e+000
3.280322e+003,1.057629e+000
3.282250e+003,1.064387e+000
3.284179e+003,1.069664e+000
3.286107e+003,1.071898e+000
3.288036e+003,1.069715e+000
3.289964e+003,1.062272e+000
3.291893e+003,1.049543e+000
3.293821e+003,1.032472e+000
3.295750e+003,1.012939e+000
3.297678e+003,9.935076e-001
3.299607e+003,9.769851e-001
3.301535e+003,9.658718e-001
3.303464e+003,9.618046e-001
3.305392e+003,9.651347e-001
3.307321e+003,9.747510e-001
3.309249e+003,9.882217e-001
3.311177e+003,1.002255e+000
3.313106e+003,1.013397e+000
3.315034e+003,1.018816e+000
3.316963e+003,1.016996e+000
3.318891e+003,1.008146e+000
3.320820e+003,9.942125e-001
3.322748e+003,9.784605e-001
3.324677e+003,9.647046e-001
3.326605e+003,9.563657e-001
3.328534e+003,9.555888e-001
3.330462e+003,9.626527e-001
3.332391e+003,9.758378e-001
3.334319e+003,9.918050e-001
3.336248e+003,1.006401e+000
3.338176e+003,1.015694e+000
3.340104e+003,1.016963e+000
3.342033e+003,1.009393e+000
3.343961e+003,9.942697e-001
3.345890e+003,9.746453e-001
3.347818e+003,9.545425e-001
3.349747e+003,9.379324e-001
3.351675e+003,9.277582e-001
3.353604e+003,9.252655e-001
3.355532e+003,9.298068e-001
3.357461e+003,9.391535e-001
3.359389e+003,9.501947e-001
3.361318e+003,9.598036e-001
3.363246e+003,9.656181e-001
3.365175e+003,9.665189e-001
3.367103e+003,9.627056e-001
3.369031e+003,9.553988e-001
3.370960e+003,9.463140e-001
3.372888e+003,9.371133e-001
3.374817e+003,9.290206e-001
3.376745e+003,9.227055e-001
3.378674e+003,9.184226e-001
3.380602e+003,9.162816e-001
3.382531e+003,9.164751e-001
3.384459e+003,9.193053e-001
3.386388e+003,9.249531e-001
3.388316e+003,9.330546e-001
3.390245e+003,9.422798e-001
3.392173e+003,9.501520e-001
3.394102e+003,9.533105e-001
3.396030e+003,9.482813e-001
3.397958e+003,9.326224e-001
3.399887e+003,9.061355e-001
3.401815e+003,8.717170e-001
3.403744e+003,8.354615e-001
3.405672e+003,8.057902e-001
3.407601e+003,7.916595e-001
3.409529e+003,8.002125e-001
3.411458e+003,8.344710e-001
3.413386e+003,8.917558e-001
3.415315e+003,9.633943e-001
3.417243e+003,1.035978e+000
3.419172e+003,1.094013e+000
3.421100e+003,1.123390e+000
3.423029e+003,1.114833e+000
3.424957e+003,1.066419e+000
3.426885e+003,9.844651e-001
3.428814e+003,8.824927e-001
3.430742e+003,7.784688e-001
3.432671e+003,6.910048e-001
3.434599e+003,6.354412e-001
3.436528e+003,6.207829e-001
3.438456e+003,6.481762e-001
3.440385e+003,7.111915e-001
3.442313e+003,7.976833e-001
3.444242e+003,8.926052e-001
3.446170e+003,9.809854e-001
3.448099e+003,1.050341e+000
3.450027e+003,1.092096e+000
3.451956e+003,1.101961e+000
3.453884e+003,1.079548e+000
3.455813e+003,1.027699e+000
3.457741e+003,9.519386e-001
3.459669e+003,8.602244e-001
3.461598e+003,7.628728e-001
3.463526e+003,6.722585e-001
3.465455e+003,6.018447e-001
3.467383e+003,5.642734e-001
3.469312e+003,5.686446e-001
3.471240e+003,6.175694e-001
3.473169e+003,7.049341e-001
3.475097e+003,8.153780e-001
3.477026e+003,9.261735e-001
3.478954e+003,1.011565e+000
3.480883e+003,1.048809e+000
3.482811e+003,1.024460e+000
3.484740e+003,9.390668e-001
3.486668e+003,8.086528e-001
3.488596e+003,6.620645e-001
3.490525e+003,5.344230e-001
3.492453e+003,4.581166e-001
3.494382e+003,4.536924e-001
3.496310e+003,5.232983e-001
3.498239e+003,6.488278e-001
3.500167e+003,7.957249e-001
3.502096e+003,9.217935e-001
3.504024e+003,9.888093e-001
3.505953e+003,9.737214e-001
3.507881e+003,8.761200e-001
3.509810e+003,7.195368e-001
3.511738e+003,5.458208e-001
3.513667e+003,4.038645e-001
3.515595e+003,3.357083e-001
3.517523e+003,3.640052e-001
3.519452e+003,4.846218e-001
3.521380e+003,6.667976e-001
3.523309e+003,8.611388e-001
3.525237e+003,1.013376e+000
3.527166e+003,1.080014e+000
3.529094e+003,1.041274e+000
3.531023e+003,9.073725e-001
3.532951e+003,7.160481e-001
3.534880e+003,5.218072e-001
3.536808e+003,3.798755e-001
3.538737e+003,3.295319e-001
3.540665e+003,3.818368e-001
3.542594e+003,5.155904e-001
3.544522e+003,6.829923e-001
3.546450e+003,8.235869e-001
3.548379e+003,8.825462e-001
3.550307e+003,8.279232e-001
3.552236e+003,6.616703e-001
3.554164e+003,4.209345e-001
3.556093e+003,1.689418e-001
3.558021e+003,-2.215993e-002
3.559950e+003,-9.172028e-002
3.561878e+003,-8.452733e-003
3.563807e+003,2.194135e-001
3.565735e+003,5.446936e-001
3.567664e+003,8.924815e-001
3.569592e+003,1.179004e+000
3.571521e+003,1.332921e+000
3.573449e+003,1.313302e+000
3.575377e+003,1.119532e+000
3.577306e+003,7.907826e-001
3.579234e+003,3.956085e-001
3.581163e+003,1.487196e-002
3.583091e+003,-2.771956e-001
3.585020e+003,-4.288566e-001
3.586948e+003,-4.199923e-001
3.588877e+003,-2.630218e-001
3.590805e+003,3.452023e-003
3.592734e+003,3.255026e-001
3.594662e+003,6.457193e-001
3.596591e+003,9.129329e-001
3.598519e+003,1.088114e+000
3.600448e+003,1.146425e+000
3.602376e+003,1.076809e+000
3.604304e+003,8.810496e-001
3.606233e+003,5.738088e-001
3.608161e+003,1.839230e-001
3.610090e+003,-2.441758e-001
3.612018e+003,-6.510817e-001
3.613947e+003,-9.672951e-001
3.615875e+003,-1.123492e+000
3.617804e+003,-1.065369e+000
3.619732e+003,-7.700218e-001
3.621661e+003,-2.592129e-001
3.623589e+003,3.954569e-001
3.625518e+003,1.079116e+000
3.627446e+003,1.652740e+000
3.629375e+003,1.982004e+000
3.631303e+003,1.969721e+000
3.633231e+003,1.583673e+000
3.635160e+003,8.718235e-001
3.637088e+003,-4.063255e-002
3.639017e+003,-9.735875e-001
3.640945e+003,-1.729802e+000
3.642874e+003,-2.139788e+000
3.644802e+003,-2.102939e+000
3.646731e+003,-1.614309e+000
3.648659e+003,-7.696363e-001
3.650588e+003,2.535641e-001
3.652516e+003,1.234913e+000
3.654445e+003,1.960980e+000
3.656373e+003,2.273949e+000
3.658302e+003,2.107263e+000
3.660230e+003,1.499618e+000
3.662158e+003,5.841762e-001
3.664087e+003,-4.439169e-001
3.666015e+003,-1.373282e+000
3.667944e+003,-2.023856e+000
3.669872e+003,-2.284775e+000
3.671801e+003,-2.134065e+000
3.673729e+003,-1.636589e+000
3.675658e+003,-9.223046e-001
3.677586e+003,-1.516587e-001
3.679515e+003,5.224609e-001
3.681443e+003,9.867398e-001
3.683372e+003,1.186411e+000
3.685300e+003,1.128215e+000
3.687229e+003,8.687678e-001
3.689157e+003,4.933203e-001
3.691085e+003,9.166896e-002
3.693014e+003,-2.622561e-001
3.694942e+003,-5.226157e-001
3.696871e+003,-6.741438e-001
3.698799e+003,-7.263045e-001
3.700728e+003,-7.026365e-001
3.702656e+003,-6.295141e-001
3.704585e+003,-5.278823e-001
3.706513e+003,-4.098567e-001
3.708442e+003,-2.800857e-001
3.710370e+003,-1.401603e-001
3.712299e+003,6.411826e-003
3.714227e+003,1.509183e-001
3.716156e+003,2.790840e-001
3.718084e+003,3.735597e-001
3.720012e+003,4.180631e-001
3.721941e+003,4.014552e-001
3.723869e+003,3.202679e-001
3.725798e+003,1.789841e-001
3.727726e+003,-1.161652e-002
3.729655e+003,-2.369616e-001
3.731583e+003,-4.807315e-001
3.733512e+003,-7.255372e-001
3.735440e+003,-9.521881e-001
3.737369e+003,-1.138444e+000
3.739297e+003,-1.258732e+000
3.741226e+003,-1.286232e+000
3.743154e+003,-1.197948e+000
3.745083e+003,-9.820947e-001
3.747011e+003,-6.458140e-001
3.748939e+003,-2.204166e-001
3.750868e+003,2.385608e-001
3.752796e+003,6.581011e-001
3.754725e+003,9.609482e-001
3.756653e+003,1.082886e+000
3.758582e+003,9.898667e-001
3.760510e+003,6.901478e-001
3.762439e+003,2.373295e-001
3.764367e+003,-2.777159e-001
3.766296e+003,-7.451320e-001
3.768224e+003,-1.060747e+000
3.770153e+003,-1.151186e+000
3.772081e+003,-9.929096e-001
3.774010e+003,-6.198732e-001
3.775938e+003,-1.172567e-001
3.777866e+003,3.977115e-001
3.779795e+003,8.033466e-001
3.781723e+003,1.002691e+000
3.783652e+003,9.469032e-001
3.785580e+003,6.468871e-001
3.787509e+003,1.702011e-001
3.789437e+003,-3.758748e-001
3.791366e+003,-8.706831e-001
3.793294e+003,-1.209150e+000
3.795223e+003,-1.326036e+000
3.797151e+003,-1.209564e+000
3.799080e+003,-9.014402e-001
3.801008e+003,-4.838684e-001
3.802937e+003,-5.748917e-002
3.804865e+003,2.837406e-001
3.806793e+003,4.742513e-001
3.808722e+003,4.899651e-001
3.810650e+003,3.501671e-001
3.812579e+003,1.085806e-001
3.814507e+003,-1.631942e-001
3.816436e+003,-3.950332e-001
3.818364e+003,-5.353059e-001
3.820293e+003,-5.615210e-001
3.822221e+003,-4.825870e-001
3.824150e+003,-3.330278e-001
3.826078e+003,-1.614992e-001
3.828007e+003,-1.711978e-002
3.829935e+003,6.274258e-002
3.831864e+003,6.042146e-002
3.833792e+003,-1.974802e-002
3.835720e+003,-1.545841e-001
3.837649e+003,-3.092059e-001
3.839577e+003,-4.459967e-001
3.841506e+003,-5.331629e-001
3.843434e+003,-5.511382e-001
3.845363e+003,-4.958648e-001
3.847291e+003,-3.787705e-001
3.849220e+003,-2.238920e-001
3.851148e+003,-6.294838e-002
3.853077e+003,7.070817e-002
3.855005e+003,1.483490e-001
3.856934e+003,1.514799e-001
3.858862e+003,7.598915e-002
3.860791e+003,-6.593522e-002
3.862719e+003,-2.467434e-001
3.864647e+003,-4.276179e-001
3.866576e+003,-5.654826e-001
3.868504e+003,-6.219761e-001
3.870433e+003,-5.727392e-001
3.872361e+003,-4.149006e-001
3.874290e+003,-1.706441e-001
3.876218e+003,1.146699e-001
3.878147e+003,3.802225e-001
3.880075e+003,5.622214e-001
3.882004e+003,6.086751e-001
3.883932e+003,4.930248e-001
3.885861e+003,2.230686e-001
3.887789e+003,-1.575723e-001
3.889718e+003,-5.765442e-001
3.891646e+003,-9.473949e-001
3.893574e+003,-1.188697e+000
3.895503e+003,-1.243219e+000
3.897431e+003,-1.092397e+000
3.899360e+003,-7.622603e-001
3.901288e+003,-3.189676e-001
3.903217e+003,1.453515e-001
3.905145e+003,5.332665e-001
3.907074e+003,7.643161e-001
3.909002e+003,7.934496e-001
3.910931e+003,6.210998e-001
3.912859e+003,2.924089e-001
3.914788e+003,-1.141573e-001
3.916716e+003,-5.059093e-001
3.918645e+003,-7.979477e-001
3.920573e+003,-9.326332e-001
3.922501e+003,-8.918083e-001
3.924430e+003,-6.990064e-001
3.926358e+003,-4.114888e-001
3.928287e+003,-1.045113e-001
3.930215e+003,1.479138e-001
3.932144e+003,2.908013e-001
3.934072e+003,3.001750e-001
3.936001e+003,1.865992e-001
3.937929e+003,-1.008936e-002
3.939858e+003,-2.329411e-001
3.941786e+003,-4.233970e-001
3.943715e+003,-5.359768e-001
3.945643e+003,-5.484958e-001
3.947572e+003,-4.655752e-001
3.949500e+003,-3.151097e-001
3.951428e+003,-1.391968e-001
3.953357e+003,1.766153e-002
3.955285e+003,1.198257e-001
3.957214e+003,1.484228e-001
3.959142e+003,1.042095e-001
3.961071e+003,5.189868e-003
3.962999e+003,-1.198260e-001
3.964928e+003,-2.396029e-001
3.966856e+003,-3.284148e-001
3.968785e+003,-3.715385e-001
3.970713e+003,-3.672069e-001
3.972642e+003,-3.249982e-001
3.974570e+003,-2.615931e-001
3.976499e+003,-1.954134e-001
3.978427e+003,-1.417405e-001
3.980355e+003,-1.095435e-001
3.982284e+003,-1.005872e-001
3.984212e+003,-1.106569e-001
3.986141e+003,-1.321584e-001
3.988069e+003,-1.570829e-001
3.989998e+003,-1.793840e-001
3.991926e+003,-1.961618e-001
3.993855e+003,-2.075244e-001
3.995783e+003,-2.154427e-001
3.997712e+003,-2.221935e-001
3.999640e+003,-2.290315e-001
4.001569e+003,0.000000e+000
