3.991926e+002,-9.798139e-002
4.011211e+002,-1.927249e-001
4.030496e+002,-1.835420e-001
4.049780e+002,-1.698655e-001
4.069065e+002,-1.536875e-001
4.088350e+002,-1.370321e-001
4.107634e+002,-1.214632e-001
4.126919e+002,-1.077510e-001
4.146204e+002,-9.578851e-002
4.165488e+002,-8.477554e-002
4.184773e+002,-7.360727e-002
4.204058e+002,-6.134846e-002
4.223342e+002,-4.764676e-002
4.242627e+002,-3.296003e-002
4.261912e+002,-1.852964e-002
4.281196e+002,-6.103345e-003
4.300481e+002,2.513312e-003
4.319766e+002,5.952404e-003
4.339050e+002,3.687290e-003
4.358335e+002,-3.764089e-003
4.377620e+002,-1.489196e-002
4.396904e+002,-2.748459e-002
4.416189e+002,-3.908030e-002
4.435474e+002,-4.746251e-002
4.454758e+002,-5.107968e-002
4.474043e+002,-4.929403e-002
4.493328e+002,-4.241553e-002
4.512612e+002,-3.153242e-002
4.531897e+002,-1.819903e-002
4.551182e+002,-4.068174e-003
4.570466e+002,9.441778e-003
4.589751e+002,2.137499e-002
4.609036e+002,3.132804e-002
4.628320e+002,3.940517e-002
4.647605e+002,4.607464e-002
4.666890e+002,5.197718e-002
4.686174e+002,5.774095e-002
4.705459e+002,6.384142e-002
4.724744e+002,7.052602e-002
4.744028e+002,7.780384e-002
4.763313e+002,8.548436e-002
4.782598e+002,9.324212e-002
4.801882e+002,1.006876e-001
4.821167e+002,1.074281e-001
4.840452e+002,1.131141e-001
4.859736e+002,1.174711e-001
4.879021e+002,1.203223e-001
4.898306e+002,1.216071e-001
4.917590e+002,1.213979e-001
4.936875e+002,1.199145e-001
4.956160e+002,1.175331e-001
4.975444e+002,1.147824e-001
4.994729e+002,1.123251e-001
5.014014e+002,1.109191e-001
5.033298e+002,1.113572e-001
5.052583e+002,1.143881e-001
5.071868e+002,1.206219e-001
5.091152e+002,1.304293e-001
5.110437e+002,1.438463e-001
5.129722e+002,1.605024e-001
5.149006e+002,1.795872e-001
5.168291e+002,1.998753e-001
5.187576e+002,2.198174e-001
5.206860e+002,2.376996e-001
5.226145e+002,2.518561e-001
5.245430e+002,2.609061e-001
5.264714e+002,2.639775e-001
5.283999e+002,2.608708e-001
5.303284e+002,2.521264e-001
5.322568e+002,2.389730e-001
5.341853e+002,2.231545e-001
5.361138e+002,2.066632e-001
5.380422e+002,1.914258e-001
5.399707e+002,1.790026e-001
5.418992e+002,1.703632e-001
5.438276e+002,1.657815e-001
5.457561e+002,1.648732e-001
5.476846e+002,1.667650e-001
5.496130e+002,1.703536e-001
5.515415e+002,1.745937e-001
5.534700e+002,1.787471e-001
5.553984e+002,1.825339e-001
5.573269e+002,1.861525e-001
5.592554e+002,1.901646e-001
5.611838e+002,1.952767e-001
5.631123e+002,2.020752e-001
5.650408e+002,2.107816e-001
5.669692e+002,2.210935e-001
5.688977e+002,2.321535e-001
5.708262e+002,2.426597e-001
5.727546e+002,2.510965e-001
5.746831e+002,2.560352e-001
5.766116e+002,2.564372e-001
5.785400e+002,2.518911e-001
5.804685e+002,2.427302e-001
5.823970e+002,2.300021e-001
5.843254e+002,2.152998e-001
5.862539e+002,2.004871e-001
5.881824e+002,1.873817e-001
5.901108e+002,1.774590e-001
5.920393e+002,1.716361e-001
5.939678e+002,1.701742e-001
5.958962e+002,1.727084e-001
5.978247e+002,1.783855e-001
5.997532e+002,1.860698e-001
6.016816e+002,1.945641e-001
6.036101e+002,2.027978e-001
6.055386e+002,2.099489e-001
6.074670e+002,2.154836e-001
6.093955e+002,2.191266e-001
6.113240e+002,2.207859e-001
6.132524e+002,2.204677e-001
6.151809e+002,2.182123e-001
6.171094e+002,2.140695e-001
6.190378e+002,2.081172e-001
6.209663e+002,2.005062e-001
6.228948e+002,1.915096e-001
6.248232e+002,1.815461e-001
6.267517e+002,1.711608e-001
6.286802e+002,1.609569e-001
6.306086e+002,1.514937e-001
6.325371e+002,1.431745e-001
6.344656e+002,1.361621e-001
6.363940e+002,1.303503e-001
6.383225e+002,1.254094e-001
6.402510e+002,1.209036e-001
6.421794e+002,1.164550e-001
6.441079e+002,1.119137e-001
6.460364e+002,1.074858e-001
6.479648e+002,1.037757e-001
6.498933e+002,1.017164e-001
6.518218e+002,1.023894e-001
6.537502e+002,1.067619e-001
6.556787e+002,1.153956e-001
6.576072e+002,1.281943e-001
6.595356e+002,1.442576e-001
6.614641e+002,1.618890e-001
6.633926e+002,1.787791e-001
6.653210e+002,1.923475e-001
6.672495e+002,2.001870e-001
6.691780e+002,2.005304e-001
6.711064e+002,1.926464e-001
6.730349e+002,1.770765e-001
6.749634e+002,1.556535e-001
6.768918e+002,1.312826e-001
6.788203e+002,1.075100e-001
6.807488e+002,8.795350e-002
6.826772e+002,7.569452e-002
6.846057e+002,7.274810e-002
6.865342e+002,7.971122e-002
6.884626e+002,9.565988e-002
6.903911e+002,1.183147e-001
6.923196e+002,1.444438e-001
6.942480e+002,1.704216e-001
6.961765e+002,1.928352e-001
6.981050e+002,2.090192e-001
7.000334e+002,2.174199e-001
7.019619e+002,2.177272e-001
7.038904e+002,2.107624e-001
7.058188e+002,1.981655e-001
7.077473e+002,1.819604e-001
7.096758e+002,1.641035e-001
7.116042e+002,1.461128e-001
7.135327e+002,1.288520e-001
7.154612e+002,1.125020e-001
7.173896e+002,9.670367e-002
7.193181e+002,8.082006e-002
7.212466e+002,6.423735e-002
7.231750e+002,4.662397e-002
7.251035e+002,2.808363e-002
7.270320e+002,9.170669e-003
7.289604e+002,-9.225965e-003
7.308889e+002,-2.608745e-002
7.328174e+002,-4.049813e-002
7.347458e+002,-5.184185e-002
7.366743e+002,-5.991002e-002
7.386028e+002,-6.490094e-002
7.405313e+002,-6.731809e-002
7.424597e+002,-6.780463e-002
7.443882e+002,-6.696706e-002
7.463167e+002,-6.523885e-002
7.482451e+002,-6.282214e-002
7.501736e+002,-5.971937e-002
7.521021e+002,-5.584006e-002
7.540305e+002,-5.114625e-002
7.559590e+002,-4.578919e-002
7.578875e+002,-4.019411e-002
7.598159e+002,-3.506514e-002
7.617444e+002,-3.130549e-002
7.636729e+002,-2.987051e-002
7.656013e+002,-3.159035e-002
7.675298e+002,-3.700383e-002
7.694583e+002,-4.624174e-002
7.713867e+002,-5.898363e-002
7.733152e+002,-7.449240e-002
7.752437e+002,-9.171488e-002
7.771721e+002,-1.094234e-001
7.791006e+002,-1.263696e-001
7.810291e+002,-1.414267e-001
7.829575e+002,-1.537043e-001
7.848860e+002,-1.626317e-001
7.868145e+002,-1.680106e-001
7.887429e+002,-1.700424e-001
7.906714e+002,-1.693303e-001
7.925999e+002,-1.668510e-001
7.945283e+002,-1.638859e-001
7.964568e+002,-1.619011e-001
7.983853e+002,-1.623724e-001
8.003137e+002,-1.665661e-001
8.022422e+002,-1.753020e-001
8.041707e+002,-1.887409e-001
8.060991e+002,-2.062465e-001
8.080276e+002,-2.263674e-001
8.099561e+002,-2.469667e-001
8.118845e+002,-2.654980e-001
8.138130e+002,-2.793937e-001
8.157415e+002,-2.865014e-001
8.176699e+002,-2.854852e-001
8.195984e+002,-2.761078e-001
8.215269e+002,-2.593288e-001
8.234553e+002,-2.371875e-001
8.253838e+002,-2.124846e-001
8.273123e+002,-1.883188e-001
8.292407e+002,-1.675662e-001
8.311692e+002,-1.524037e-001
8.330977e+002,-1.439700e-001
8.350261e+002,-1.422248e-001
8.369546e+002,-1.460319e-001
8.388831e+002,-1.534371e-001
8.408115e+002,-1.620822e-001
8.427400e+002,-1.696669e-001
8.446685e+002,-1.743696e-001
8.465969e+002,-1.751509e-001
8.485254e+002,-1.718965e-001
8.504539e+002,-1.653867e-001
8.523823e+002,-1.571177e-001
8.543108e+002,-1.490205e-001
8.562393e+002,-1.431350e-001
8.581677e+002,-1.412965e-001
8.600962e+002,-1.448765e-001
8.620247e+002,-1.546038e-001
8.639531e+002,-1.704755e-001
8.658816e+002,-1.917542e-001
8.678101e+002,-2.170411e-001
8.697385e+002,-2.444131e-001
8.716670e+002,-2.716139e-001
8.735955e+002,-2.962859e-001
8.755239e+002,-3.162294e-001
8.774524e+002,-3.296662e-001
8.793809e+002,-3.354761e-001
8.813093e+002,-3.333689e-001
8.832378e+002,-3.239537e-001
8.851663e+002,-3.086764e-001
8.870947e+002,-2.896160e-001
8.890232e+002,-2.691554e-001
8.909517e+002,-2.495755e-001
8.928801e+002,-2.326386e-001
8.948086e+002,-2.192457e-001
8.967371e+002,-2.092404e-001
8.986655e+002,-2.014140e-001
9.005940e+002,-1.937230e-001
9.025225e+002,-1.836918e-001
9.044509e+002,-1.689255e-001
9.063794e+002,-1.476351e-001
9.083079e+002,-1.190674e-001
9.102363e+002,-8.374730e-002
9.121648e+002,-4.347948e-002
9.140933e+002,-1.104084e-003
9.160217e+002,3.994808e-002
9.179502e+002,7.621045e-002
9.198787e+002,1.047378e-001
9.218071e+002,1.235567e-001
9.237356e+002,1.319255e-001
9.256641e+002,1.303646e-001
9.275925e+002,1.204657e-001
9.295210e+002,1.045334e-001
9.314495e+002,8.514253e-002
9.333779e+002,6.470538e-002
9.353064e+002,4.512954e-002
9.372349e+002,2.762185e-002
9.391633e+002,1.265362e-002
9.410918e+002,6.771368e-005
9.430203e+002,-1.071704e-002
9.449487e+002,-2.046288e-002
9.468772e+002,-2.988386e-002
9.488057e+002,-3.946918e-002
9.507341e+002,-4.937171e-002
9.526626e+002,-5.935633e-002
9.545911e+002,-6.878937e-002
9.565195e+002,-7.664629e-002
9.584480e+002,-8.152606e-002
9.603765e+002,-8.167411e-002
9.623049e+002,-7.503142e-002
9.642334e+002,-5.933800e-002
9.661619e+002,-3.231270e-002
9.680903e+002,8.076499e-003
9.700188e+002,6.326916e-002
9.719473e+002,1.337367e-001
9.738757e+002,2.186423e-001
9.758042e+002,3.156126e-001
9.777327e+002,4.206992e-001
9.796611e+002,5.285744e-001
9.815896e+002,6.329719e-001
9.835181e+002,7.273360e-001
9.854465e+002,8.055927e-001
9.873750e+002,8.629251e-001
9.893035e+002,8.964301e-001
9.912319e+002,9.055343e-001
9.931604e+002,8.920966e-001
9.950889e+002,8.601685e-001
9.970173e+002,8.154493e-001
9.989458e+002,7.645186e-001
1.000874e+003,7.139754e-001
1.002803e+003,6.696138e-001
1.004731e+003,6.357621e-001
1.006660e+003,6.148741e-001
1.008588e+003,6.074111e-001
1.010517e+003,6.120094e-001
1.012445e+003,6.258740e-001
1.014374e+003,6.453246e-001
1.016302e+003,6.663955e-001
1.018230e+003,6.854065e-001
1.020159e+003,6.994383e-001
1.022087e+003,7.066681e-001
1.024016e+003,7.065471e-001
1.025944e+003,6.998144e-001
1.027873e+003,6.883600e-001
1.029801e+003,6.749481e-001
1.031730e+003,6.628245e-001
1.033658e+003,6.552383e-001
1.035587e+003,6.549239e-001
1.037515e+003,6.636029e-001
1.039444e+003,6.815858e-001
1.041372e+003,7.075503e-001
1.043301e+003,7.385716e-001
1.045229e+003,7.704379e-001
1.047157e+003,7.982467e-001
1.049086e+003,8.172057e-001
1.051014e+003,8.235179e-001
1.052943e+003,8.151805e-001
1.054871e+003,7.925268e-001
1.056800e+003,7.583702e-001
1.058728e+003,7.176734e-001
1.060657e+003,6.767659e-001
1.062585e+003,6.422305e-001
1.064514e+003,6.196581e-001
1.066442e+003,6.125261e-001
1.068371e+003,6.214339e-001
1.070299e+003,6.438784e-001
1.072228e+003,6.746405e-001
1.074156e+003,7.067255e-001
1.076084e+003,7.326841e-001
1.078013e+003,7.460477e-001
1.079941e+003,7.425920e-001
1.081870e+003,7.211631e-001
1.083798e+003,6.839064e-001
1.085727e+003,6.358501e-001
1.087655e+003,5.839422e-001
1.089584e+003,5.357442e-001
1.091512e+003,4.980531e-001
1.093441e+003,4.757225e-001
1.095369e+003,4.709064e-001
1.097298e+003,4.828427e-001
1.099226e+003,5.081788e-001
1.101155e+003,5.417334e-001
1.103083e+003,5.775082e-001
1.105011e+003,6.097323e-001
1.106940e+003,6.337423e-001
1.108868e+003,6.465573e-001
1.110797e+003,6.470879e-001
1.112725e+003,6.359993e-001
1.114654e+003,6.153176e-001
1.116582e+003,5.878964e-001
1.118511e+003,5.568714e-001
1.120439e+003,5.252010e-001
1.122368e+003,4.953538e-001
1.124296e+003,4.691582e-001
1.126225e+003,4.477945e-001
1.128153e+003,4.318867e-001
1.130082e+003,4.216453e-001
1.132010e+003,4.170207e-001
1.133938e+003,4.178375e-001
1.135867e+003,4.238928e-001
1.137795e+003,4.350128e-001
1.139724e+003,4.510674e-001
1.141652e+003,4.719365e-001
1.143581e+003,4.974352e-001
1.145509e+003,5.271983e-001
1.147438e+003,5.605403e-001
1.149366e+003,5.963140e-001
1.151295e+003,6.328030e-001
1.153223e+003,6.676871e-001
1.155152e+003,6.981117e-001
1.157080e+003,7.208808e-001
1.159009e+003,7.327642e-001
1.160937e+003,7.308860e-001
1.162865e+003,7.131355e-001
1.164794e+003,6.785305e-001
1.166722e+003,6.274641e-001
1.168651e+003,5.617827e-001
1.170579e+003,4.846746e-001
1.172508e+003,4.003801e-001
1.174436e+003,3.137665e-001
1.176365e+003,2.298346e-001
1.178293e+003,1.532281e-001
1.180222e+003,8.781204e-002
1.182150e+003,3.636678e-002
1.184079e+003,4.213282e-004
1.186007e+003,-1.977721e-002
1.187936e+003,-2.517506e-002
1.189864e+003,-1.773190e-002
1.191792e+003,-1.780867e-004
1.193721e+003,2.426771e-002
1.195649e+003,5.220356e-002
1.197578e+003,8.035653e-002
1.199506e+003,1.058872e-001
1.201435e+003,1.266661e-001
1.203363e+003,1.414931e-001
1.205292e+003,1.502281e-001
1.207220e+003,1.538053e-001
1.209149e+003,1.541106e-001
1.211077e+003,1.537233e-001
1.213006e+003,1.555465e-001
1.214934e+003,1.623721e-001
1.216863e+003,1.764440e-001
1.218791e+003,1.990902e-001
1.220719e+003,2.304835e-001
1.222648e+003,2.695740e-001
1.224576e+003,3.142066e-001
1.226505e+003,3.614024e-001
1.228433e+003,4.077590e-001
1.230362e+003,4.499016e-001
1.232290e+003,4.849111e-001
1.234219e+003,5.106652e-001
1.236147e+003,5.260420e-001
1.238076e+003,5.309671e-001
1.240004e+003,5.263098e-001
1.241933e+003,5.136599e-001
1.243861e+003,4.950356e-001
1.245790e+003,4.725759e-001
1.247718e+003,4.482723e-001
1.249646e+003,4.237772e-001
1.251575e+003,4.003086e-001
1.253503e+003,3.786516e-001
1.255432e+003,3.592336e-001
1.257360e+003,3.422410e-001
1.259289e+003,3.277388e-001
1.261217e+003,3.157577e-001
1.263146e+003,3.063289e-001
1.265074e+003,2.994592e-001
1.267003e+003,2.950610e-001
1.268931e+003,2.928637e-001
1.270860e+003,2.923422e-001
1.272788e+003,2.926942e-001
1.274717e+003,2.928882e-001
1.276645e+003,2.917871e-001
1.278573e+003,2.883304e-001
1.280502e+003,2.817421e-001
1.282430e+003,2.717215e-001
1.284359e+003,2.585727e-001
1.286287e+003,2.432375e-001
1.288216e+003,2.272198e-001
1.290144e+003,2.124038e-001
1.292073e+003,2.007979e-001
1.294001e+003,1.942428e-001
1.295930e+003,1.941364e-001
1.297858e+003,2.012163e-001
1.299787e+003,2.154363e-001
1.301715e+003,2.359486e-001
1.303644e+003,2.611917e-001
1.305572e+003,2.890656e-001
1.307500e+003,3.171682e-001
1.309429e+003,3.430609e-001
1.311357e+003,3.645325e-001
1.313286e+003,3.798374e-001
1.315214e+003,3.878819e-001
1.317143e+003,3.883435e-001
1.319071e+003,3.817089e-001
1.321000e+003,3.692234e-001
1.322928e+003,3.527490e-001
1.324857e+003,3.345438e-001
1.326785e+003,3.169799e-001
1.328714e+003,3.022344e-001
1.330642e+003,2.919972e-001
1.332571e+003,2.872360e-001
1.334499e+003,2.880638e-001
1.336427e+003,2.937335e-001
1.338356e+003,3.027666e-001
1.340284e+003,3.132011e-001
1.342213e+003,3.229219e-001
1.344141e+003,3.300180e-001
1.346070e+003,3.331115e-001
1.347998e+003,3.316012e-001
1.349927e+003,3.257829e-001
1.351855e+003,3.168247e-001
1.353784e+003,3.066044e-001
1.355712e+003,2.974305e-001
1.357641e+003,2.916926e-001
1.359569e+003,2.914918e-001
1.361498e+003,2.983057e-001
1.363426e+003,3.127412e-001
1.365354e+003,3.344097e-001
1.367283e+003,3.619535e-001
1.369211e+003,3.932185e-001
1.371140e+003,4.255600e-001
1.373068e+003,4.562343e-001
1.374997e+003,4.828193e-001
1.376925e+003,5.035948e-001
1.378854e+003,5.178130e-001
1.380782e+003,5.258093e-001
1.382711e+003,5.289239e-001
1.384639e+003,5.292432e-001
1.386568e+003,5.292025e-001
1.388496e+003,5.311236e-001
1.390425e+003,5.367717e-001
1.392353e+003,5.470150e-001
1.394281e+003,5.616493e-001
1.396210e+003,5.794143e-001
1.398138e+003,5.981901e-001
1.400067e+003,6.153265e-001
1.401995e+003,6.280379e-001
1.403924e+003,6.337938e-001
1.405852e+003,6.306455e-001
1.407781e+003,6.174577e-001
1.409709e+003,5.940384e-001
1.411638e+003,5.611773e-001
1.413566e+003,5.206159e-001
1.415495e+003,4.749610e-001
1.417423e+003,4.275399e-001
1.419352e+003,3.821853e-001
1.421280e+003,3.429289e-001
1.423208e+003,3.136009e-001
1.425137e+003,2.973541e-001
1.427065e+003,2.961756e-001
1.428994e+003,3.104749e-001
1.430922e+003,3.388558e-001
1.432851e+003,3.781644e-001
1.434779e+003,4.238587e-001
1.436708e+003,4.706749e-001
1.438636e+003,5.134867e-001
1.440565e+003,5.481900e-001
1.442493e+003,5.724142e-001
1.444422e+003,5.858815e-001
1.446350e+003,5.903060e-001
1.448279e+003,5.888245e-001
1.450207e+003,5.850724e-001
1.452135e+003,5.821133e-001
1.454064e+003,5.814802e-001
1.455992e+003,5.825756e-001
1.457921e+003,5.826015e-001
1.459849e+003,5.770659e-001
1.461778e+003,5.607728e-001
1.463706e+003,5.290829e-001
1.465635e+003,4.791554e-001
1.467563e+003,4.108856e-001
1.469492e+003,3.273103e-001
1.471420e+003,2.343821e-001
1.473349e+003,1.401500e-001
1.475277e+003,5.351952e-002
1.477206e+003,-1.715035e-002
1.479134e+003,-6.532524e-002
1.481063e+003,-8.720531e-002
1.482991e+003,-8.211115e-002
1.484919e+003,-5.231062e-002
1.486848e+003,-2.367087e-003
1.488776e+003,6.182094e-002
1.490705e+003,1.340767e-001
1.492633e+003,2.088909e-001
1.494562e+003,2.820962e-001
1.496490e+003,3.511848e-001
1.498419e+003,4.152601e-001
1.500347e+003,4.746875e-001
1.502276e+003,5.305542e-001
1.504204e+003,5.840699e-001
1.506133e+003,6.360348e-001
1.508061e+003,6.864793e-001
1.509990e+003,7.345337e-001
1.511918e+003,7.785498e-001
1.513846e+003,8.164421e-001
1.515775e+003,8.461771e-001
1.517703e+003,8.663105e-001
1.519632e+003,8.764533e-001
1.521560e+003,8.775561e-001
1.523489e+003,8.719253e-001
1.525417e+003,8.629407e-001
1.527346e+003,8.544994e-001
1.529274e+003,8.502820e-001
1.531203e+003,8.529872e-001
1.533131e+003,8.637020e-001
1.535060e+003,8.815612e-001
1.536988e+003,9.037983e-001
1.538917e+003,9.262040e-001
1.540845e+003,9.439168e-001
1.542773e+003,9.523850e-001
1.544702e+003,9.482950e-001
1.546630e+003,9.302555e-001
1.548559e+003,8.990823e-001
1.550487e+003,8.576156e-001
1.552416e+003,8.101144e-001
1.554344e+003,7.613667e-001
1.556273e+003,7.157249e-001
1.558201e+003,6.762860e-001
1.560130e+003,6.443949e-001
1.562058e+003,6.195682e-001
1.563987e+003,5.998297e-001
1.565915e+003,5.823510e-001
1.567844e+003,5.642253e-001
1.569772e+003,5.431842e-001
1.571700e+003,5.180951e-001
1.573629e+003,4.891454e-001
1.575557e+003,4.577044e-001
1.577486e+003,4.259353e-001
1.579414e+003,3.962795e-001
1.581343e+003,3.709531e-001
1.583271e+003,3.515745e-001
1.585200e+003,3.389873e-001
1.587128e+003,3.332881e-001
1.589057e+003,3.340116e-001
1.590985e+003,3.403942e-001
1.592914e+003,3.516316e-001
1.594842e+003,3.670674e-001
1.596771e+003,3.862844e-001
1.598699e+003,4.091039e-001
1.600627e+003,4.355310e-001
1.602556e+003,4.656877e-001
1.604484e+003,4.997683e-001
1.606413e+003,5.380273e-001
1.608341e+003,5.807850e-001
1.610270e+003,6.284138e-001
1.612198e+003,6.812689e-001
1.614127e+003,7.395360e-001
1.616055e+003,8.030040e-001
1.617984e+003,8.708045e-001
1.619912e+003,9.411852e-001
1.621841e+003,1.011410e+000
1.623769e+003,1.077855e+000
1.625698e+003,1.136345e+000
1.627626e+003,1.182709e+000
1.629554e+003,1.213494e+000
1.631483e+003,1.226687e+000
1.633411e+003,1.222309e+000
1.635340e+003,1.202706e+000
1.637268e+003,1.172450e+000
1.639197e+003,1.137796e+000
1.641125e+003,1.105755e+000
1.643054e+003,1.082942e+000
1.644982e+003,1.074399e+000
1.646911e+003,1.082640e+000
1.648839e+003,1.107115e+000
1.650768e+003,1.144247e+000
1.652696e+003,1.188035e+000
1.654625e+003,1.231151e+000
1.656553e+003,1.266298e+000
1.658481e+003,1.287578e+000
1.660410e+003,1.291579e+000
1.662338e+003,1.277966e+000
1.664267e+003,1.249464e+000
1.666195e+003,1.211240e+000
1.668124e+003,1.169835e+000
1.670052e+003,1.131875e+000
1.671981e+003,1.102830e+000
1.673909e+003,1.086066e+000
1.675838e+003,1.082358e+000
1.677766e+003,1.089913e+000
1.679695e+003,1.104851e+000
1.681623e+003,1.121999e+000
1.683552e+003,1.135804e+000
1.685480e+003,1.141185e+000
1.687408e+003,1.134189e+000
1.689337e+003,1.112381e+000
1.691265e+003,1.074963e+000
1.693194e+003,1.022697e+000
1.695122e+003,9.576797e-001
1.697051e+003,8.830490e-001
1.698979e+003,8.026516e-001
1.700908e+003,7.206776e-001
1.702836e+003,6.412534e-001
1.704765e+003,5.679937e-001
1.706693e+003,5.035424e-001
1.708622e+003,4.491750e-001
1.710550e+003,4.045640e-001
1.712479e+003,3.678164e-001
1.714407e+003,3.358522e-001
1.716335e+003,3.051249e-001
1.718264e+003,2.725894e-001
1.720192e+003,2.367288e-001
1.722121e+003,1.983967e-001
1.724049e+003,1.612271e-001
1.725978e+003,1.314268e-001
1.727906e+003,1.168910e-001
1.729835e+003,1.257358e-001
1.731763e+003,1.644964e-001
1.733692e+003,2.363489e-001
1.735620e+003,3.397497e-001
1.737549e+003,4.678333e-001
1.739477e+003,6.087714e-001
1.741406e+003,7.471100e-001
1.743334e+003,8.658915e-001
1.745262e+003,9.492047e-001
1.747191e+003,9.846990e-001
1.749119e+003,9.656026e-001
1.751048e+003,8.918679e-001
1.752976e+003,7.702376e-001
1.754905e+003,6.132292e-001
1.756833e+003,4.372310e-001
1.758762e+003,2.600652e-001
1.760690e+003,9.844265e-002
1.762619e+003,-3.426021e-002
1.764547e+003,-1.295647e-001
1.766476e+003,-1.845893e-001
1.768404e+003,-2.018481e-001
1.770333e+003,-1.882639e-001
1.772261e+003,-1.536323e-001
1.774189e+003,-1.088362e-001
1.776118e+003,-6.411707e-002
1.778046e+003,-2.766488e-002
1.779975e+003,-4.705864e-003
1.781903e+003,2.833555e-003
1.783832e+003,-3.894409e-003
1.785760e+003,-2.133290e-002
1.787689e+003,-4.448752e-002
1.789617e+003,-6.800153e-002
1.791546e+003,-8.715592e-002
1.793474e+003,-9.864301e-002
1.795403e+003,-1.010127e-001
1.797331e+003,-9.474684e-002
1.799260e+003,-8.198376e-002
1.801188e+003,-6.596830e-002
1.803116e+003,-5.034546e-002
1.805045e+003,-3.843535e-002
1.806973e+003,-3.262683e-002
1.808902e+003,-3.399577e-002
1.810830e+003,-4.221005e-002
1.812759e+003,-5.572363e-002
1.814687e+003,-7.220189e-002
1.816616e+003,-8.907708e-002
1.818544e+003,-1.041036e-001
1.820473e+003,-1.157911e-001
1.822401e+003,-1.236216e-001
1.824330e+003,-1.280136e-001
1.826258e+003,-1.300565e-001
1.828187e+003,-1.310949e-001
1.830115e+003,-1.322819e-001
1.832043e+003,-1.342224e-001
1.833972e+003,-1.368051e-001
1.835900e+003,-1.392684e-001
1.837829e+003,-1.404807e-001
1.839757e+003,-1.393552e-001
1.841686e+003,-1.352788e-001
1.843614e+003,-1.284260e-001
1.845543e+003,-1.198596e-001
1.847471e+003,-1.113714e-001
1.849400e+003,-1.050925e-001
1.851328e+003,-1.029655e-001
1.853257e+003,-1.062159e-001
1.855185e+003,-1.149660e-001
1.857114e+003,-1.281046e-001
1.859042e+003,-1.434612e-001
1.860970e+003,-1.582558e-001
1.862899e+003,-1.697191e-001
1.864827e+003,-1.757345e-001
1.866756e+003,-1.753403e-001
1.868684e+003,-1.689622e-001
1.870613e+003,-1.583179e-001
1.872541e+003,-1.460101e-001
1.874470e+003,-1.349116e-001
1.876398e+003,-1.274910e-001
1.878327e+003,-1.252476e-001
1.880255e+003,-1.283906e-001
1.882184e+003,-1.358387e-001
1.884112e+003,-1.455324e-001
1.886041e+003,-1.549750e-001
1.887969e+003,-1.618640e-001
1.889897e+003,-1.646543e-001
1.891826e+003,-1.629175e-001
1.893754e+003,-1.574152e-001
1.895683e+003,-1.498780e-001
1.897611e+003,-1.425535e-001
1.899540e+003,-1.376407e-001
1.901468e+003,-1.367508e-001
1.903397e+003,-1.405245e-001
1.905325e+003,-1.484900e-001
1.907254e+003,-1.591874e-001
1.909182e+003,-1.705211e-001
1.911111e+003,-1.802486e-001
1.913039e+003,-1.864888e-001
1.914968e+003,-1.881322e-001
1.916896e+003,-1.850640e-001
1.918824e+003,-1.781579e-001
1.920753e+003,-1.690522e-001
1.922681e+003,-1.597670e-001
1.924610e+003,-1.522546e-001
1.926538e+003,-1.479842e-001
1.928467e+003,-1.476516e-001
1.930395e+003,-1.510695e-001
1.932324e+003,-1.572559e-001
1.934252e+003,-1.646903e-001
1.936181e+003,-1.716751e-001
1.938109e+003,-1.767168e-001
1.940038e+003,-1.788426e-001
1.941966e+003,-1.777856e-001
1.943895e+003,-1.740013e-001
1.945823e+003,-1.685208e-001
1.947751e+003,-1.626806e-001
1.949680e+003,-1.577958e-001
1.951608e+003,-1.548556e-001
1.953537e+003,-1.543100e-001
1.955465e+003,-1.559968e-001
1.957394e+003,-1.592193e-001
1.959322e+003,-1.629502e-001
1.961251e+003,-1.661088e-001
1.963179e+003,-1.678393e-001
1.965108e+003,-1.677220e-001
1.967036e+003,-1.658658e-001
1.968965e+003,-1.628629e-001
1.970893e+003,-1.596202e-001
1.972822e+003,-1.571148e-001
1.974750e+003,-1.561365e-001
1.976678e+003,-1.570840e-001
1.978607e+003,-1.598655e-001
1.980535e+003,-1.639254e-001
1.982464e+003,-1.683883e-001
1.984392e+003,-1.722784e-001
1.986321e+003,-1.747594e-001
1.988249e+003,-1.753306e-001
1.990178e+003,-1.739353e-001
1.992106e+003,-1.709542e-001
1.994035e+003,-1.670933e-001
1.995963e+003,-1.631987e-001
1.997892e+003,-1.600465e-001
1.999820e+003,-1.581635e-001
2.001749e+003,-1.577196e-001
2.003677e+003,-1.585152e-001
2.005605e+003,-1.600605e-001
2.007534e+003,-1.617194e-001
2.009462e+003,-1.628794e-001
2.011391e+003,-1.631022e-001
2.013319e+003,-1.622184e-001
2.015248e+003,-1.603483e-001
2.017176e+003,-1.578477e-001
2.019105e+003,-1.551992e-001
2.021033e+003,-1.528805e-001
2.022962e+003,-1.512444e-001
2.024890e+003,-1.504401e-001
2.026819e+003,-1.503934e-001
2.028747e+003,-1.508435e-001
2.030676e+003,-1.514271e-001
2.032604e+003,-1.517805e-001
2.034532e+003,-1.516344e-001
2.036461e+003,-1.508784e-001
2.038389e+003,-1.495791e-001
2.040318e+003,-1.479520e-001
2.042246e+003,-1.462957e-001
2.044175e+003,-1.449100e-001
2.046103e+003,-1.440172e-001
2.048032e+003,-1.437086e-001
2.049960e+003,-1.439271e-001
2.051889e+003,-1.444881e-001
2.053817e+003,-1.451325e-001
2.055746e+003,-1.455948e-001
2.057674e+003,-1.456695e-001
2.059603e+003,-1.452589e-001
2.061531e+003,-1.443908e-001
2.063459e+003,-1.432046e-001
2.065388e+003,-1.419101e-001
2.067316e+003,-1.407307e-001
2.069245e+003,-1.398479e-001
2.071173e+003,-1.393577e-001
2.073102e+003,-1.392523e-001
2.075030e+003,-1.394269e-001
2.076959e+003,-1.397105e-001
2.078887e+003,-1.399101e-001
2.080816e+003,-1.398578e-001
2.082744e+003,-1.394493e-001
2.084673e+003,-1.386637e-001
2.086601e+003,-1.375649e-001
2.088530e+003,-1.362815e-001
2.090458e+003,-1.349756e-001
2.092386e+003,-1.338047e-001
2.094315e+003,-1.328897e-001
2.096243e+003,-1.322914e-001
2.098172e+003,-1.320033e-001
2.100100e+003,-1.319575e-001
2.102029e+003,-1.320443e-001
2.103957e+003,-1.321377e-001
2.105886e+003,-1.321216e-001
2.107814e+003,-1.319124e-001
2.109743e+003,-1.314725e-001
2.111671e+003,-1.308136e-001
2.113600e+003,-1.299901e-001
2.115528e+003,-1.290840e-001
2.117457e+003,-1.281871e-001
2.119385e+003,-1.273822e-001
2.121313e+003,-1.267284e-001
2.123242e+003,-1.262535e-001
2.125170e+003,-1.259528e-001
2.127099e+003,-1.257956e-001
2.129027e+003,-1.257351e-001
2.130956e+003,-1.257203e-001
2.132884e+003,-1.257058e-001
2.134813e+003,-1.256575e-001
2.136741e+003,-1.255543e-001
2.138670e+003,-1.253860e-001
2.140598e+003,-1.251483e-001
2.142527e+003,-1.248400e-001
2.144455e+003,-1.244612e-001
2.146384e+003,-1.240151e-001
2.148312e+003,-1.235113e-001
2.150240e+003,-1.229710e-001
2.152169e+003,-1.224284e-001
2.154097e+003,-1.219294e-001
2.156026e+003,-1.215258e-001
2.157954e+003,-1.212658e-001
2.159883e+003,-1.211834e-001
2.161811e+003,-1.212900e-001
2.163740e+003,-1.215703e-001
2.165668e+003,-1.219834e-001
2.167597e+003,-1.224709e-001
2.169525e+003,-1.229675e-001
2.171454e+003,-1.234135e-001
2.173382e+003,-1.237646e-001
2.175311e+003,-1.239986e-001
2.177239e+003,-1.241172e-001
2.179167e+003,-1.241426e-001
2.181096e+003,-1.241128e-001
2.183024e+003,-1.240732e-001
2.184953e+003,-1.240700e-001
2.186881e+003,-1.241428e-001
2.188810e+003,-1.243187e-001
2.190738e+003,-1.246072e-001
2.192667e+003,-1.249974e-001
2.194595e+003,-1.254583e-001
2.196524e+003,-1.259429e-001
2.198452e+003,-1.263969e-001
2.200381e+003,-1.267711e-001
2.202309e+003,-1.270347e-001
2.204238e+003,-1.271859e-001
2.206166e+003,-1.272560e-001
2.208094e+003,-1.273035e-001
2.210023e+003,-1.274000e-001
2.211951e+003,-1.276091e-001
2.213880e+003,-1.279654e-001
2.215808e+003,-1.284597e-001
2.217737e+003,-1.290377e-001
2.219665e+003,-1.296129e-001
2.221594e+003,-1.300918e-001
2.223522e+003,-1.304066e-001
2.225451e+003,-1.305445e-001
2.227379e+003,-1.305653e-001
2.229308e+003,-1.306027e-001
2.231236e+003,-1.308461e-001
2.233165e+003,-1.315080e-001
2.235093e+003,-1.327828e-001
2.237021e+003,-1.348049e-001
2.238950e+003,-1.376118e-001
2.240878e+003,-1.411161e-001
2.242807e+003,-1.450880e-001
2.244735e+003,-1.491496e-001
2.246664e+003,-1.527858e-001
2.248592e+003,-1.553792e-001
2.250521e+003,-1.562748e-001
2.252449e+003,-1.548819e-001
2.254378e+003,-1.508066e-001
2.256306e+003,-1.439979e-001
2.258235e+003,-1.348738e-001
2.260163e+003,-1.243872e-001
2.262092e+003,-1.139897e-001
2.264020e+003,-1.054714e-001
2.265948e+003,-1.006817e-001
2.267877e+003,-1.011742e-001
2.269805e+003,-1.078502e-001
2.271734e+003,-1.206954e-001
2.273662e+003,-1.386910e-001
2.275591e+003,-1.599488e-001
2.277519e+003,-1.820631e-001
2.279448e+003,-2.026048e-001
2.281376e+003,-2.196370e-001
2.283305e+003,-2.321107e-001
2.285233e+003,-2.400216e-001
2.287162e+003,-2.442739e-001
2.289090e+003,-2.462801e-001
2.291019e+003,-2.474148e-001
2.292947e+003,-2.484895e-001
2.294875e+003,-2.494199e-001
2.296804e+003,-2.491984e-001
2.298732e+003,-2.461808e-001
2.300661e+003,-2.385806e-001
2.302589e+003,-2.249748e-001
2.304518e+003,-2.045946e-001
2.306446e+003,-1.772361e-001
2.308375e+003,-1.427555e-001
2.310303e+003,-1.002870e-001
2.312232e+003,-4.748156e-002
2.314160e+003,1.985393e-002
2.316089e+003,1.073757e-001
2.318017e+003,2.209103e-001
2.319946e+003,3.643588e-001
2.321874e+003,5.372126e-001
2.323802e+003,7.323500e-001
2.325731e+003,9.348820e-001
2.327659e+003,1.122707e+000
2.329588e+003,1.269103e+000
2.331516e+003,1.347211e+000
2.333445e+003,1.335712e+000
2.335373e+003,1.224561e+000
2.337302e+003,1.019431e+000
2.339230e+003,7.436050e-001
2.341159e+003,4.364758e-001
2.343087e+003,1.485093e-001
2.345016e+003,-6.670173e-002
2.346944e+003,-1.619296e-001
2.348873e+003,-1.055292e-001
2.350801e+003,1.115223e-001
2.352729e+003,4.723260e-001
2.354658e+003,9.353582e-001
2.356586e+003,1.440296e+000
2.358515e+003,1.917381e+000
2.360443e+003,2.298589e+000
2.362372e+003,2.528528e+000
2.364300e+003,2.573032e+000
2.366229e+003,2.423956e+000
2.368157e+003,2.099433e+000
2.370086e+003,1.639782e+000
2.372014e+003,1.100070e+000
2.373943e+003,5.409054e-001
2.375871e+003,1.921174e-002
2.377800e+003,-4.193932e-001
2.379728e+003,-7.455032e-001
2.381656e+003,-9.476241e-001
2.383585e+003,-1.030841e+000
2.385513e+003,-1.013168e+000
2.387442e+003,-9.205915e-001
2.389370e+003,-7.818915e-001
2.391299e+003,-6.241527e-001
2.393227e+003,-4.695619e-001
2.395156e+003,-3.337265e-001
2.397084e+003,-2.254064e-001
2.399013e+003,-1.473294e-001
2.400941e+003,-9.764636e-002
2.402870e+003,-7.160088e-002
2.404798e+003,-6.307701e-002
2.406727e+003,-6.582939e-002
2.408655e+003,-7.432015e-002
2.410583e+003,-8.418747e-002
2.412512e+003,-9.241767e-002
2.414440e+003,-9.730721e-002
2.416369e+003,-9.828793e-002
2.418297e+003,-9.567086e-002
2.420226e+003,-9.034769e-002
2.422154e+003,-8.348348e-002
2.424083e+003,-7.623514e-002
2.426011e+003,-6.952849e-002
2.427940e+003,-6.392244e-002
2.429868e+003,-5.957494e-002
2.431797e+003,-5.630393e-002
2.433725e+003,-5.371737e-002
2.435654e+003,-5.136963e-002
2.437582e+003,-4.890170e-002
2.439510e+003,-4.612776e-002
2.441439e+003,-4.305393e-002
2.443367e+003,-3.983331e-002
2.445296e+003,-3.668245e-002
2.447224e+003,-3.379087e-002
2.449153e+003,-3.125472e-002
2.451081e+003,-2.905220e-002
2.453010e+003,-2.706362e-002
2.454938e+003,-2.512210e-002
2.456867e+003,-2.307405e-002
2.458795e+003,-2.082701e-002
2.460724e+003,-1.836973e-002
2.462652e+003,-1.576243e-002
2.464581e+003,-1.310337e-002
2.466509e+003,-1.048802e-002
2.468438e+003,-7.975958e-003
2.470366e+003,-5.575884e-003
2.472294e+003,-3.252811e-003
2.474223e+003,-9.506095e-004
2.476151e+003,1.379453e-003
2.478080e+003,3.756474e-003
2.480008e+003,6.161117e-003
2.481937e+003,8.542657e-003
2.483865e+003,1.083812e-002
2.485794e+003,1.299478e-002
2.487722e+003,1.498824e-002
2.489651e+003,1.682994e-002
2.491579e+003,1.856213e-002
2.493508e+003,2.024377e-002
2.495436e+003,2.193180e-002
2.497365e+003,2.366596e-002
2.499293e+003,2.545925e-002
2.501221e+003,2.729791e-002
2.503150e+003,2.914788e-002
2.505078e+003,3.096461e-002
2.507007e+003,3.270376e-002
2.508935e+003,3.432848e-002
2.510864e+003,3.581349e-002
2.512792e+003,3.714706e-002
2.514721e+003,3.833114e-002
2.516649e+003,3.938242e-002
2.518578e+003,4.033310e-002
2.520506e+003,4.123087e-002
2.522435e+003,4.213705e-002
2.524363e+003,4.312046e-002
2.526292e+003,4.424750e-002
2.528220e+003,4.557073e-002
2.530148e+003,4.711748e-002
2.532077e+003,4.888263e-002
2.534005e+003,5.082816e-002
2.535934e+003,5.288953e-002
2.537862e+003,5.498836e-002
2.539791e+003,5.704741e-002
2.541719e+003,5.900508e-002
2.543648e+003,6.082477e-002
2.545576e+003,6.249777e-002
2.547505e+003,6.403990e-002
2.549433e+003,6.548301e-002
2.551362e+003,6.686583e-002
2.553290e+003,6.822515e-002
2.555219e+003,6.959123e-002
2.557147e+003,7.098646e-002
2.559075e+003,7.242807e-002
2.561004e+003,7.393008e-002
2.562932e+003,7.550648e-002
2.564861e+003,7.717024e-002
2.566789e+003,7.893150e-002
2.568718e+003,8.079368e-002
2.570646e+003,8.275004e-002
2.572575e+003,8.478176e-002
2.574503e+003,8.685901e-002
2.576432e+003,8.894487e-002
2.578360e+003,9.100053e-002
2.580289e+003,9.299129e-002
2.582217e+003,9.489201e-002
2.584146e+003,9.669005e-002
2.586074e+003,9.838656e-002
2.588002e+003,9.999555e-002
2.589931e+003,1.015422e-001
2.591859e+003,1.030597e-001
2.593788e+003,1.045867e-001
2.595716e+003,1.061633e-001
2.597645e+003,1.078280e-001
2.599573e+003,1.096124e-001
2.601502e+003,1.115373e-001
2.603430e+003,1.136081e-001
2.605359e+003,1.158125e-001
2.607287e+003,1.181208e-001
2.609216e+003,1.204883e-001
2.611144e+003,1.228623e-001
2.613073e+003,1.251898e-001
2.615001e+003,1.274265e-001
2.616929e+003,1.295439e-001
2.618858e+003,1.315338e-001
2.620786e+003,1.334088e-001
2.622715e+003,1.351987e-001
2.624643e+003,1.369446e-001
2.626572e+003,1.386911e-001
2.628500e+003,1.404793e-001
2.630429e+003,1.423403e-001
2.632357e+003,1.442931e-001
2.634286e+003,1.463437e-001
2.636214e+003,1.484868e-001
2.638143e+003,1.507091e-001
2.640071e+003,1.529935e-001
2.642000e+003,1.553220e-001
2.643928e+003,1.576799e-001
2.645856e+003,1.600570e-001
2.647785e+003,1.624494e-001
2.649713e+003,1.648592e-001
2.651642e+003,1.672942e-001
2.653570e+003,1.697653e-001
2.655499e+003,1.722851e-001
2.657427e+003,1.748641e-001
2.659356e+003,1.775090e-001
2.661284e+003,1.802208e-001
2.663213e+003,1.829938e-001
2.665141e+003,1.858162e-001
2.667070e+003,1.886706e-001
2.668998e+003,1.915358e-001
2.670927e+003,1.943863e-001
2.672855e+003,1.971935e-001
2.674783e+003,1.999243e-001
2.676712e+003,2.025408e-001
2.678640e+003,2.050002e-001
2.680569e+003,2.072579e-001
2.682497e+003,2.092718e-001
2.684426e+003,2.110092e-001
2.686354e+003,2.124557e-001
2.688283e+003,2.136217e-001
2.690211e+003,2.145487e-001
2.692140e+003,2.153088e-001
2.694068e+003,2.160013e-001
2.695997e+003,2.167424e-001
2.697925e+003,2.176533e-001
2.699854e+003,2.188458e-001
2.701782e+003,2.204097e-001
2.703710e+003,2.224037e-001
2.705639e+003,2.248505e-001
2.707567e+003,2.277370e-001
2.709496e+003,2.310174e-001
2.711424e+003,2.346202e-001
2.713353e+003,2.384550e-001
2.715281e+003,2.424199e-001
2.717210e+003,2.464091e-001
2.719138e+003,2.503195e-001
2.721067e+003,2.540575e-001
2.722995e+003,2.575452e-001
2.724924e+003,2.607263e-001
2.726852e+003,2.635699e-001
2.728781e+003,2.660718e-001
2.730709e+003,2.682533e-001
2.732637e+003,2.701569e-001
2.734566e+003,2.718394e-001
2.736494e+003,2.733659e-001
2.738423e+003,2.748038e-001
2.740351e+003,2.762184e-001
2.742280e+003,2.776713e-001
2.744208e+003,2.792185e-001
2.746137e+003,2.809081e-001
2.748065e+003,2.827762e-001
2.749994e+003,2.848402e-001
2.751922e+003,2.870929e-001
2.753851e+003,2.894969e-001
2.755779e+003,2.919860e-001
2.757708e+003,2.944746e-001
2.759636e+003,2.968734e-001
2.761564e+003,2.991110e-001
2.763493e+003,3.011540e-001
2.765421e+003,3.030204e-001
2.767350e+003,3.047791e-001
2.769278e+003,3.065353e-001
2.771207e+003,3.084036e-001
2.773135e+003,3.104764e-001
2.775064e+003,3.127981e-001
2.776992e+003,3.153542e-001
2.778921e+003,3.180799e-001
2.780849e+003,3.208866e-001
2.782778e+003,3.236969e-001
2.784706e+003,3.264738e-001
2.786635e+003,3.292320e-001
2.788563e+003,3.320216e-001
2.790491e+003,3.348883e-001
2.792420e+003,3.378252e-001
2.794348e+003,3.407347e-001
2.796277e+003,3.434280e-001
2.798205e+003,3.456727e-001
2.800134e+003,3.472867e-001
2.802062e+003,3.482544e-001
2.803991e+003,3.488232e-001
2.805919e+003,3.495325e-001
2.807848e+003,3.511356e-001
2.809776e+003,3.544047e-001
2.811705e+003,3.598434e-001
2.813633e+003,3.673766e-001
2.815562e+003,3.761142e-001
2.817490e+003,3.842906e-001
2.819418e+003,3.894593e-001
2.821347e+003,3.889605e-001
2.823275e+003,3.806098e-001
2.825204e+003,3.634763e-001
2.827132e+003,3.385616e-001
2.829061e+003,3.091792e-001
2.830989e+003,2.808695e-001
2.832918e+003,2.607720e-001
2.834846e+003,2.565030e-001
2.836775e+003,2.747109e-001
2.838703e+003,3.195883e-001
2.840632e+003,3.916674e-001
2.842560e+003,4.871936e-001
2.844489e+003,5.982785e-001
2.846417e+003,7.138686e-001
2.848345e+003,8.213928e-001
2.850274e+003,9.087916e-001
2.852202e+003,9.665305e-001
2.854131e+003,9.891934e-001
2.856059e+003,9.763291e-001
2.857988e+003,9.323812e-001
2.859916e+003,8.657286e-001
2.861845e+003,7.870547e-001
2.863773e+003,7.073970e-001
2.865702e+003,6.362910e-001
2.867630e+003,5.803763e-001
2.869559e+003,5.427098e-001
2.871487e+003,5.228620e-001
2.873416e+003,5.176848e-001
2.875344e+003,5.225021e-001
2.877272e+003,5.323997e-001
2.879201e+003,5.433033e-001
2.881129e+003,5.526200e-001
2.883058e+003,5.593604e-001
2.884986e+003,5.637982e-001
2.886915e+003,5.668478e-001
2.888843e+003,5.693988e-001
2.890772e+003,5.718343e-001
2.892700e+003,5.738866e-001
2.894629e+003,5.748700e-001
2.896557e+003,5.742084e-001
2.898486e+003,5.720789e-001
2.900414e+003,5.699537e-001
2.902343e+003,5.708354e-001
2.904271e+003,5.790623e-001
2.906199e+003,5.996647e-001
2.908128e+003,6.373764e-001
2.910056e+003,6.954967e-001
2.911985e+003,7.748504e-001
2.913913e+003,8.730856e-001
2.915842e+003,9.844877e-001
2.917770e+003,1.100392e+000
2.919699e+003,1.210152e+000
2.921627e+003,1.302526e+000
2.923556e+003,1.367252e+000
2.925484e+003,1.396548e+000
2.927413e+003,1.386299e+000
2.929341e+003,1.336738e+000
2.931270e+003,1.252507e+000
2.933198e+003,1.142103e+000
2.935126e+003,1.016789e+000
2.937055e+003,8.891422e-001
2.938983e+003,7.714511e-001
2.940912e+003,6.741977e-001
2.942840e+003,6.048251e-001
2.944769e+003,5.669594e-001
2.946697e+003,5.601734e-001
2.948626e+003,5.803033e-001
2.950554e+003,6.202492e-001
2.952483e+003,6.711218e-001
2.954411e+003,7.235535e-001
2.956340e+003,7.689761e-001
2.958268e+003,8.006791e-001
2.960197e+003,8.145089e-001
2.962125e+003,8.091294e-001
2.964053e+003,7.858438e-001
2.965982e+003,7.480466e-001
2.967910e+003,7.004293e-001
2.969839e+003,6.481019e-001
2.971767e+003,5.957856e-001
2.973696e+003,5.472088e-001
2.975624e+003,5.047863e-001
2.977553e+003,4.695983e-001
2.979481e+003,4.416257e-001
2.981410e+003,4.201502e-001
2.983338e+003,4.042062e-001
2.985267e+003,3.929698e-001
2.987195e+003,3.860018e-001
2.989124e+003,3.833018e-001
2.991052e+003,3.851828e-001
2.992980e+003,3.920187e-001
2.994909e+003,4.039447e-001
2.996837e+003,4.206001e-001
2.998766e+003,4.409875e-001
3.000694e+003,4.634918e-001
3.002623e+003,4.860598e-001
3.004551e+003,5.065045e-001
3.006480e+003,5.228670e-001
3.008408e+003,5.337554e-001
3.010337e+003,5.385869e-001
3.012265e+003,5.376814e-001
3.014194e+003,5.321874e-001
3.016122e+003,5.238584e-001
3.018051e+003,5.147280e-001
3.019979e+003,5.067510e-001
3.021907e+003,5.014832e-001
3.023836e+003,4.998576e-001
3.025764e+003,5.020950e-001
3.027693e+003,5.077550e-001
3.029621e+003,5.159054e-001
3.031550e+003,5.253650e-001
3.033478e+003,5.349658e-001
3.035407e+003,5.437796e-001
3.037335e+003,5.512659e-001
3.039264e+003,5.573233e-001
3.041192e+003,5.622407e-001
3.043121e+003,5.665725e-001
3.045049e+003,5.709726e-001
3.046978e+003,5.760253e-001
3.048906e+003,5.821110e-001
3.050834e+003,5.893300e-001
3.052763e+003,5.974955e-001
3.054691e+003,6.061876e-001
3.056620e+003,6.148511e-001
3.058548e+003,6.229115e-001
3.060477e+003,6.298816e-001
3.062405e+003,6.354386e-001
3.064334e+003,6.394589e-001
3.066262e+003,6.420106e-001
3.068191e+003,6.433102e-001
3.070119e+003,6.436593e-001
3.072048e+003,6.433783e-001
3.073976e+003,6.427515e-001
3.075905e+003,6.419939e-001
3.077833e+003,6.412410e-001
3.079761e+003,6.405597e-001
3.081690e+003,6.399712e-001
3.083618e+003,6.394765e-001
3.085547e+003,6.390760e-001
3.087475e+003,6.387784e-001
3.089404e+003,6.385984e-001
3.091332e+003,6.385471e-001
3.093261e+003,6.386202e-001
3.095189e+003,6.387921e-001
3.097118e+003,6.390176e-001
3.099046e+003,6.392446e-001
3.100975e+003,6.394334e-001
3.102903e+003,6.395786e-001
3.104832e+003,6.397253e-001
3.106760e+003,6.399749e-001
3.108688e+003,6.404772e-001
3.110617e+003,6.414084e-001
3.112545e+003,6.429406e-001
3.114474e+003,6.452077e-001
3.116402e+003,6.482758e-001
3.118331e+003,6.521268e-001
3.120259e+003,6.566548e-001
3.122188e+003,6.616815e-001
3.124116e+003,6.669818e-001
3.126045e+003,6.723189e-001
3.127973e+003,6.774806e-001
3.129902e+003,6.823088e-001
3.131830e+003,6.867203e-001
3.133759e+003,6.907135e-001
3.135687e+003,6.943636e-001
3.137615e+003,6.978063e-001
3.139544e+003,7.012151e-001
3.141472e+003,7.047742e-001
3.143401e+003,7.086531e-001
3.145329e+003,7.129841e-001
3.147258e+003,7.178457e-001
3.149186e+003,7.232544e-001
3.151115e+003,7.291619e-001
3.153043e+003,7.354633e-001
3.154972e+003,7.420101e-001
3.156900e+003,7.486297e-001
3.158829e+003,7.551476e-001
3.160757e+003,7.614107e-001
3.162686e+003,7.673074e-001
3.164614e+003,7.727814e-001
3.166542e+003,7.778387e-001
3.168471e+003,7.825434e-001
3.170399e+003,7.870052e-001
3.172328e+003,7.913588e-001
3.174256e+003,7.957400e-001
3.176185e+003,8.002600e-001
3.178113e+003,8.049839e-001
3.180042e+003,8.099176e-001
3.181970e+003,8.150033e-001
3.183899e+003,8.201272e-001
3.185827e+003,8.251364e-001
3.187756e+003,8.298626e-001
3.189684e+003,8.341510e-001
3.191613e+003,8.378862e-001
3.193541e+003,8.410127e-001
3.195469e+003,8.435457e-001
3.197398e+003,8.455696e-001
3.199326e+003,8.472248e-001
3.201255e+003,8.486843e-001
3.203183e+003,8.501234e-001
3.205112e+003,8.516905e-001
3.207040e+003,8.534816e-001
3.208969e+003,8.555250e-001
3.210897e+003,8.577785e-001
3.212826e+003,8.601411e-001
3.214754e+003,8.624732e-001
3.216683e+003,8.646265e-001
3.218611e+003,8.664717e-001
3.220540e+003,8.679247e-001
3.222468e+003,8.689622e-001
3.224396e+003,8.696260e-001
3.226325e+003,8.700181e-001
3.228253e+003,8.702856e-001
3.230182e+003,8.706026e-001
3.232110e+003,8.711489e-001
3.234039e+003,8.720937e-001
3.235967e+003,8.735817e-001
3.237896e+003,8.757258e-001
3.239824e+003,8.786018e-001
3.241753e+003,8.822480e-001
3.243681e+003,8.866631e-001
3.245610e+003,8.918073e-001
3.247538e+003,8.976026e-001
3.249467e+003,9.039353e-001
3.251395e+003,9.106613e-001
3.253323e+003,9.176157e-001
3.255252e+003,9.246246e-001
3.257180e+003,9.315194e-001
3.259109e+003,9.381522e-001
3.261037e+003,9.444064e-001
3.262966e+003,9.502038e-001
3.264894e+003,9.555055e-001
3.266823e+003,9.603050e-001
3.268751e+003,9.646196e-001
3.270680e+003,9.684757e-001
3.272608e+003,9.718966e-001
3.274537e+003,9.748919e-001
3.276465e+003,9.774513e-001
3.278394e+003,9.795439e-001
3.280322e+003,9.811212e-001
3.282250e+003,9.821265e-001
3.284179e+003,9.825065e-001
3.286107e+003,9.822246e-001
3.288036e+003,9.812741e-001
3.289964e+003,9.796901e-001
3.291893e+003,9.775571e-001
3.293821e+003,9.750083e-001
3.295750e+003,9.722195e-001
3.297678e+003,9.693912e-001
3.299607e+003,9.667259e-001
3.301535e+003,9.643980e-001
3.303464e+003,9.625274e-001
3.305392e+003,9.611566e-001
3.307321e+003,9.602428e-001
3.309249e+003,9.596643e-001
3.311177e+003,9.592451e-001
3.313106e+003,9.587909e-001
3.315034e+003,9.581312e-001
3.316963e+003,9.571588e-001
3.318891e+003,9.558534e-001
3.320820e+003,9.542863e-001
3.322748e+003,9.526018e-001
3.324677e+003,9.509791e-001
3.326605e+003,9.495829e-001
3.328534e+003,9.485172e-001
3.330462e+003,9.477918e-001
3.332391e+003,9.473121e-001
3.334319e+003,9.468973e-001
3.336248e+003,9.463208e-001
3.338176e+003,9.453653e-001
3.340104e+003,9.438766e-001
3.342033e+003,9.418044e-001
3.343961e+003,9.392169e-001
3.345890e+003,9.362862e-001
3.347818e+003,9.332489e-001
3.349747e+003,9.303500e-001
3.351675e+003,9.277871e-001
3.353604e+003,9.256679e-001
3.355532e+003,9.239907e-001
3.357461e+003,9.226552e-001
3.359389e+003,9.214940e-001
3.361318e+003,9.203203e-001
3.363246e+003,9.189754e-001
3.365175e+003,9.173641e-001
3.367103e+003,9.154696e-001
3.369031e+003,9.133472e-001
3.370960e+003,9.110987e-001
3.372888e+003,9.088401e-001
3.374817e+003,9.066703e-001
3.376745e+003,9.046494e-001
3.378674e+003,9.027919e-001
3.380602e+003,9.010729e-001
3.382531e+003,8.994412e-001
3.384459e+003,8.978329e-001
3.386388e+003,8.961814e-001
3.388316e+003,8.944206e-001
3.390245e+003,8.924856e-001
3.392173e+003,8.903149e-001
3.394102e+003,8.878618e-001
3.396030e+003,8.851156e-001
3.397958e+003,8.821296e-001
3.399887e+003,8.790481e-001
3.401815e+003,8.761156e-001
3.403744e+003,8.736604e-001
3.405672e+003,8.720424e-001
3.407601e+003,8.715707e-001
3.409529e+003,8.724050e-001
3.411458e+003,8.744662e-001
3.413386e+003,8.773847e-001
3.415315e+003,8.805096e-001
3.417243e+003,8.829898e-001
3.419172e+003,8.839206e-001
3.421100e+003,8.825296e-001
3.423029e+003,8.783615e-001
3.424957e+003,8.714156e-001
3.426885e+003,8.621994e-001
3.428814e+003,8.516738e-001
3.430742e+003,8.410987e-001
3.432671e+003,8.318020e-001
3.434599e+003,8.249265e-001
3.436528e+003,8.212053e-001
3.438456e+003,8.208183e-001
3.440385e+003,8.233598e-001
3.442313e+003,8.279209e-001
3.444242e+003,8.332655e-001
3.446170e+003,8.380589e-001
3.448099e+003,8.410965e-001
3.450027e+003,8.414892e-001
3.451956e+003,8.387750e-001
3.453884e+003,8.329469e-001
3.455813e+003,8.244069e-001
3.457741e+003,8.138719e-001
3.459669e+003,8.022531e-001
3.461598e+003,7.905377e-001
3.463526e+003,7.796765e-001
3.465455e+003,7.704859e-001
3.467383e+003,7.635571e-001
3.469312e+003,7.591761e-001
3.471240e+003,7.572588e-001
3.473169e+003,7.573218e-001
3.475097e+003,7.585101e-001
3.477026e+003,7.597000e-001
3.478954e+003,7.596802e-001
3.480883e+003,7.573892e-001
3.482811e+003,7.521626e-001
3.484740e+003,7.439283e-001
3.486668e+003,7.332870e-001
3.488596e+003,7.214323e-001
3.490525e+003,7.099110e-001
3.492453e+003,7.002611e-001
3.494382e+003,6.936157e-001
3.496310e+003,6.903788e-001
3.498239e+003,6.900724e-001
3.500167e+003,6.914181e-001
3.502096e+003,6.926509e-001
3.504024e+003,6.919966e-001
3.505953e+003,6.881867e-001
3.507881e+003,6.808631e-001
3.509810e+003,6.707439e-001
3.511738e+003,6.594809e-001
3.513667e+003,6.492303e-001
3.515595e+003,6.420411e-001
3.517523e+003,6.392323e-001
3.519452e+003,6.409419e-001
3.521380e+003,6.459959e-001
3.523309e+003,6.521533e-001
3.525237e+003,6.566769e-001
3.527166e+003,6.570786e-001
3.529094e+003,6.518211e-001
3.531023e+003,6.407713e-001
3.532951e+003,6.252527e-001
3.534880e+003,6.076711e-001
3.536808e+003,5.908107e-001
3.538737e+003,5.770040e-001
3.540665e+003,5.674284e-001
3.542594e+003,5.617539e-001
3.544522e+003,5.582609e-001
3.546450e+003,5.544132e-001
3.548379e+003,5.477217e-001
3.550307e+003,5.366375e-001
3.552236e+003,5.211905e-001
3.554164e+003,5.031556e-001
3.556093e+003,4.856625e-001
3.558021e+003,4.723344e-001
3.559950e+003,4.661926e-001
3.561878e+003,4.686438e-001
3.563807e+003,4.788606e-001
3.565735e+003,4.937654e-001
3.567664e+003,5.086522e-001
3.569592e+003,5.183025e-001
3.571521e+003,5.183014e-001
3.573449e+003,5.061944e-001
3.575377e+003,4.821687e-001
3.577306e+003,4.490682e-001
3.579234e+003,4.117384e-001
3.581163e+003,3.758800e-001
3.583091e+003,3.467197e-001
3.585020e+003,3.278424e-001
3.586948e+003,3.204736e-001
3.588877e+003,3.233575e-001
3.590805e+003,3.332111e-001
3.592734e+003,3.455843e-001
3.594662e+003,3.558651e-001
3.596591e+003,3.601715e-001
3.598519e+003,3.559416e-001
3.600448e+003,3.421556e-001
3.602376e+003,3.192407e-001
3.604304e+003,2.887920e-001
3.606233e+003,2.532553e-001
3.608161e+003,2.156697e-001
3.610090e+003,1.794853e-001
3.612018e+003,1.483854e-001
3.613947e+003,1.260063e-001
3.615875e+003,1.154694e-001
3.617804e+003,1.187277e-001
3.619732e+003,1.358445e-001
3.621661e+003,1.644212e-001
3.623589e+003,1.994333e-001
3.625518e+003,2.336767e-001
3.627446e+003,2.588832e-001
3.629375e+003,2.673667e-001
3.631303e+003,2.538593e-001
3.633231e+003,2.170786e-001
3.635160e+003,1.605523e-001
3.637088e+003,9.237809e-002
3.639017e+003,2.383465e-002
3.640945e+003,-3.292571e-002
3.642874e+003,-6.760176e-002
3.644802e+003,-7.423098e-002
3.646731e+003,-5.279421e-002
3.648659e+003,-9.484360e-003
3.650588e+003,4.449124e-002
3.652516e+003,9.533419e-002
3.654445e+003,1.297399e-001
3.656373e+003,1.379016e-001
3.658302e+003,1.157053e-001
3.660230e+003,6.558935e-002
3.662158e+003,-4.116688e-003
3.664087e+003,-8.117721e-002
3.666015e+003,-1.522400e-001
3.667944e+003,-2.057321e-001
3.669872e+003,-2.341754e-001
3.671801e+003,-2.354181e-001
3.673729e+003,-2.125828e-001
3.675658e+003,-1.728652e-001
3.677586e+003,-1.255870e-001
3.679515e+003,-8.004652e-002
3.681443e+003,-4.369787e-002
3.683372e+003,-2.103465e-002
3.685300e+003,-1.331985e-002
3.687229e+003,-1.906697e-002
3.689157e+003,-3.499602e-002
3.691085e+003,-5.711865e-002
3.693014e+003,-8.164209e-002
3.694942e+003,-1.055083e-001
3.696871e+003,-1.265381e-001
3.698799e+003,-1.432886e-001
3.700728e+003,-1.548021e-001
3.702656e+003,-1.604210e-001
3.704585e+003,-1.597728e-001
3.706513e+003,-1.529253e-001
3.708442e+003,-1.406202e-001
3.710370e+003,-1.244478e-001
3.712299e+003,-1.068362e-001
3.714227e+003,-9.079617e-002
3.716156e+003,-7.945245e-002
3.718084e+003,-7.547528e-002
3.720012e+003,-8.056709e-002
3.721941e+003,-9.514754e-002
3.723869e+003,-1.183150e-001
3.725798e+003,-1.480775e-001
3.727726e+003,-1.817607e-001
3.729655e+003,-2.164587e-001
3.731583e+003,-2.493944e-001
3.733512e+003,-2.781123e-001
3.735440e+003,-3.005057e-001
3.737369e+003,-3.147534e-001
3.739297e+003,-3.192826e-001
3.741226e+003,-3.128606e-001
3.743154e+003,-2.948577e-001
3.745083e+003,-2.656340e-001
3.747011e+003,-2.269161e-001
3.748939e+003,-1.819932e-001
3.750868e+003,-1.355705e-001
3.752796e+003,-9.320810e-002
3.754725e+003,-6.039589e-002
3.756653e+003,-4.144118e-002
3.758582e+003,-3.844463e-002
3.760510e+003,-5.065340e-002
3.762439e+003,-7.441457e-002
3.764367e+003,-1.038126e-001
3.766296e+003,-1.318919e-001
3.768224e+003,-1.521999e-001
3.770153e+003,-1.602831e-001
3.772081e+003,-1.547538e-001
3.774010e+003,-1.376459e-001
3.775938e+003,-1.139458e-001
3.777866e+003,-9.039992e-002
3.779795e+003,-7.388509e-002
3.781723e+003,-6.974430e-002
3.783652e+003,-8.050168e-002
3.785580e+003,-1.052702e-001
3.787509e+003,-1.399886e-001
3.789437e+003,-1.784118e-001
3.791366e+003,-2.135901e-001
3.793294e+003,-2.394608e-001
3.795223e+003,-2.521581e-001
3.797151e+003,-2.507400e-001
3.799080e+003,-2.371887e-001
3.801008e+003,-2.157318e-001
3.802937e+003,-1.916992e-001
3.804865e+003,-1.702280e-001
3.806793e+003,-1.551456e-001
3.808722e+003,-1.482838e-001
3.810650e+003,-1.493480e-001
3.812579e+003,-1.563132e-001
3.814507e+003,-1.661861e-001
3.816436e+003,-1.758991e-001
3.818364e+003,-1.830931e-001
3.820293e+003,-1.866043e-001
3.822221e+003,-1.865701e-001
3.824150e+003,-1.841781e-001
3.826078e+003,-1.811735e-001
3.828007e+003,-1.792861e-001
3.829935e+003,-1.797386e-001
3.831864e+003,-1.829512e-001
3.833792e+003,-1.884917e-001
3.835720e+003,-1.952489e-001
3.837649e+003,-2.017528e-001
3.839577e+003,-2.065456e-001
3.841506e+003,-2.085090e-001
3.843434e+003,-2.070848e-001
3.845363e+003,-2.023598e-001
3.847291e+003,-1.950226e-001
3.849220e+003,-1.862179e-001
3.851148e+003,-1.773366e-001
3.853077e+003,-1.697744e-001
3.855005e+003,-1.646877e-001
3.856934e+003,-1.627747e-001
3.858862e+003,-1.641115e-001
3.860791e+003,-1.680753e-001
3.862719e+003,-1.733893e-001
3.864647e+003,-1.783113e-001
3.866576e+003,-1.809616e-001
3.868504e+003,-1.797508e-001
3.870433e+003,-1.738249e-001
3.872361e+003,-1.634216e-001
3.874290e+003,-1.500242e-001
3.876218e+003,-1.362316e-001
3.878147e+003,-1.253221e-001
3.880075e+003,-1.205693e-001
3.882004e+003,-1.244453e-001
3.883932e+003,-1.379006e-001
3.885861e+003,-1.599145e-001
3.887789e+003,-1.874687e-001
3.889718e+003,-2.159985e-001
3.891646e+003,-2.402620e-001
3.893574e+003,-2.554490e-001
3.895503e+003,-2.582789e-001
3.897431e+003,-2.478155e-001
3.899360e+003,-2.257856e-001
3.901288e+003,-1.962973e-001
3.903217e+003,-1.650036e-001
3.905145e+003,-1.378937e-001
3.907074e+003,-1.199955e-001
3.909002e+003,-1.142955e-001
3.910931e+003,-1.211368e-001
3.912859e+003,-1.382322e-001
3.914788e+003,-1.612808e-001
3.916716e+003,-1.850260e-001
3.918645e+003,-2.044861e-001
3.920573e+003,-2.160564e-001
3.922501e+003,-2.182226e-001
3.924430e+003,-2.117326e-001
3.926358e+003,-1.992183e-001
3.928287e+003,-1.843943e-001
3.930215e+003,-1.710620e-001
3.932144e+003,-1.621788e-001
3.934072e+003,-1.592203e-001
3.936001e+003,-1.619705e-001
3.937929e+003,-1.687564e-001
3.939858e+003,-1.770272e-001
3.941786e+003,-1.841001e-001
3.943715e+003,-1.878652e-001
3.945643e+003,-1.872751e-001
3.947572e+003,-1.825128e-001
3.949500e+003,-1.748299e-001
3.951428e+003,-1.661316e-001
3.953357e+003,-1.584408e-001
3.955285e+003,-1.533929e-001
3.957214e+003,-1.518863e-001
3.959142e+003,-1.539564e-001
3.961071e+003,-1.588768e-001
3.962999e+003,-1.654295e-001
3.964928e+003,-1.722523e-001
3.966856e+003,-1.781638e-001
3.968785e+003,-1.823897e-001
3.970713e+003,-1.846500e-001
3.972642e+003,-1.851134e-001
3.974570e+003,-1.842574e-001
3.976499e+003,-1.826895e-001
3.978427e+003,-1.809867e-001
3.980355e+003,-1.795878e-001
3.982284e+003,-1.787539e-001
3.984212e+003,-1.785858e-001
3.986141e+003,-1.790736e-001
3.988069e+003,-1.801496e-001
3.989998e+003,-1.817240e-001
3.991926e+003,-1.836953e-001
3.993855e+003,-1.859401e-001
3.995783e+003,-1.882981e-001
3.997712e+003,-1.905674e-001
3.999640e+003,-1.925200e-001
4.001569e+003,0.000000e+000
