3.991926e+002,-1.069011e-001
4.011211e+002,-2.101156e-001
4.030496e+002,-1.994083e-001
4.049780e+002,-1.826972e-001
4.069065e+002,-1.615463e-001
4.088350e+002,-1.378819e-001
4.107634e+002,-1.137615e-001
4.126919e+002,-9.112240e-002
4.146204e+002,-7.154506e-002
4.165488e+002,-5.606861e-002
4.184773e+002,-4.509002e-002
4.204058e+002,-3.836962e-002
4.223342e+002,-3.514207e-002
4.242627e+002,-3.431500e-002
4.261912e+002,-3.471415e-002
4.281196e+002,-3.532425e-002
4.300481e+002,-3.547280e-002
4.319766e+002,-3.491805e-002
4.339050e+002,-3.382340e-002
4.358335e+002,-3.263013e-002
4.377620e+002,-3.186435e-002
4.396904e+002,-3.193076e-002
4.416189e+002,-3.294848e-002
4.435474e+002,-3.467124e-002
4.454758e+002,-3.651268e-002
4.474043e+002,-3.766543e-002
4.493328e+002,-3.728295e-002
4.512612e+002,-3.467168e-002
4.531897e+002,-2.944527e-002
4.551182e+002,-2.160032e-002
4.570466e+002,-1.149992e-002
4.589751e+002,2.258272e-004
4.609036e+002,1.283071e-002
4.628320e+002,2.561045e-002
4.647605e+002,3.802651e-002
4.666890e+002,4.976502e-002
4.686174e+002,6.072412e-002
4.705459e+002,7.094049e-002
4.724744e+002,8.048512e-002
4.744028e+002,8.936489e-002
4.763313e+002,9.745971e-002
4.782598e+002,1.045170e-001
4.801882e+002,1.102010e-001
4.821167e+002,1.141836e-001
4.840452e+002,1.162490e-001
4.859736e+002,1.163804e-001
4.879021e+002,1.148077e-001
4.898306e+002,1.120026e-001
4.917590e+002,1.086247e-001
4.936875e+002,1.054332e-001
4.956160e+002,1.031873e-001
4.975444e+002,1.025566e-001
4.994729e+002,1.040577e-001
5.014014e+002,1.080237e-001
5.033298e+002,1.146028e-001
5.052583e+002,1.237748e-001
5.071868e+002,1.353716e-001
5.091152e+002,1.490918e-001
5.110437e+002,1.645031e-001
5.129722e+002,1.810390e-001
5.149006e+002,1.979953e-001
5.168291e+002,2.145444e-001
5.187576e+002,2.297743e-001
5.206860e+002,2.427609e-001
5.226145e+002,2.526657e-001
5.245430e+002,2.588488e-001
5.264714e+002,2.609737e-001
5.283999e+002,2.590816e-001
5.303284e+002,2.536151e-001
5.322568e+002,2.453775e-001
5.341853e+002,2.354320e-001
5.361138e+002,2.249512e-001
5.380422e+002,2.150462e-001
5.399707e+002,2.066065e-001
5.418992e+002,2.001842e-001
5.438276e+002,1.959477e-001
5.457561e+002,1.937151e-001
5.476846e+002,1.930618e-001
5.496130e+002,1.934756e-001
5.515415e+002,1.945258e-001
5.534700e+002,1.960008e-001
5.553984e+002,1.979796e-001
5.573269e+002,2.008154e-001
5.592554e+002,2.050285e-001
5.611838e+002,2.111327e-001
5.631123e+002,2.194350e-001
5.650408e+002,2.298605e-001
5.669692e+002,2.418512e-001
5.688977e+002,2.543733e-001
5.708262e+002,2.660426e-001
5.727546e+002,2.753503e-001
5.746831e+002,2.809424e-001
5.766116e+002,2.818959e-001
5.785400e+002,2.779263e-001
5.804685e+002,2.694770e-001
5.823970e+002,2.576679e-001
5.843254e+002,2.441098e-001
5.862539e+002,2.306231e-001
5.881824e+002,2.189215e-001
5.901108e+002,2.103268e-001
5.920393e+002,2.055766e-001
5.939678e+002,2.047561e-001
5.958962e+002,2.073635e-001
5.978247e+002,2.124809e-001
5.997532e+002,2.190038e-001
6.016816e+002,2.258684e-001
6.036101e+002,2.322269e-001
6.055386e+002,2.375343e-001
6.074670e+002,2.415392e-001
6.093955e+002,2.441996e-001
6.113240e+002,2.455579e-001
6.132524e+002,2.456259e-001
6.151809e+002,2.443142e-001
6.171094e+002,2.414331e-001
6.190378e+002,2.367599e-001
6.209663e+002,2.301508e-001
6.228948e+002,2.216585e-001
6.248232e+002,2.116127e-001
6.267517e+002,2.006327e-001
6.286802e+002,1.895582e-001
6.306086e+002,1.793099e-001
6.325371e+002,1.707132e-001
6.344656e+002,1.643295e-001
6.363940e+002,1.603420e-001
6.383225e+002,1.585317e-001
6.402510e+002,1.583513e-001
6.421794e+002,1.590866e-001
6.441079e+002,1.600645e-001
6.460364e+002,1.608540e-001
6.479648e+002,1.614070e-001
6.498933e+002,1.620958e-001
6.518218e+002,1.636297e-001
6.537502e+002,1.668627e-001
6.556787e+002,1.725333e-001
6.576072e+002,1.809969e-001
6.595356e+002,1.920196e-001
6.614641e+002,2.046899e-001
6.633926e+002,2.174855e-001
6.653210e+002,2.284929e-001
6.672495e+002,2.357487e-001
6.691780e+002,2.376359e-001
6.711064e+002,2.332539e-001
6.730349e+002,2.226791e-001
6.749634e+002,2.070540e-001
6.768918e+002,1.884712e-001
6.788203e+002,1.696651e-001
6.807488e+002,1.535611e-001
6.826772e+002,1.427665e-001
6.846057e+002,1.391014e-001
6.865342e+002,1.432644e-001
6.884626e+002,1.547001e-001
6.903911e+002,1.716968e-001
6.923196e+002,1.916961e-001
6.942480e+002,2.117500e-001
6.961765e+002,2.290345e-001
6.981050e+002,2.413138e-001
7.000334e+002,2.472659e-001
7.019619e+002,2.466097e-001
7.038904e+002,2.400191e-001
7.058188e+002,2.288573e-001
7.077473e+002,2.148019e-001
7.096758e+002,1.994520e-001
7.116042e+002,1.840092e-001
7.135327e+002,1.690973e-001
7.154612e+002,1.547531e-001
7.173896e+002,1.405728e-001
7.193181e+002,1.259618e-001
7.212466e+002,1.104147e-001
7.231750e+002,9.374497e-002
7.251035e+002,7.620654e-002
7.270320e+002,5.847738e-002
7.289604e+002,4.151748e-002
7.308889e+002,2.634493e-002
7.328174e+002,1.379603e-002
7.347458e+002,4.336243e-003
7.366743e+002,-2.027490e-003
7.386028e+002,-5.713150e-003
7.405313e+002,-7.422666e-003
7.424597e+002,-7.937945e-003
7.443882e+002,-7.914011e-003
7.463167e+002,-7.727769e-003
7.482451e+002,-7.424135e-003
7.501736e+002,-6.771298e-003
7.521021e+002,-5.405540e-003
7.540305e+002,-3.021382e-003
7.559590e+002,4.493626e-004
7.578875e+002,4.723218e-003
7.598159e+002,9.147451e-003
7.617444e+002,1.278712e-002
7.636729e+002,1.459356e-002
7.656013e+002,1.361345e-002
7.675298e+002,9.184895e-003
7.694583e+002,1.076485e-003
7.713867e+002,-1.046035e-002
7.733152e+002,-2.473161e-002
7.752437e+002,-4.071634e-002
7.771721e+002,-5.722746e-002
7.791006e+002,-7.307989e-002
7.810291e+002,-8.723692e-002
7.829575e+002,-9.891499e-002
7.848860e+002,-1.076445e-001
7.868145e+002,-1.132936e-001
7.887429e+002,-1.160679e-001
7.906714e+002,-1.164939e-001
7.925999e+002,-1.153902e-001
7.945283e+002,-1.138151e-001
7.964568e+002,-1.129817e-001
7.983853e+002,-1.141283e-001
8.003137e+002,-1.183453e-001
8.022422e+002,-1.263763e-001
8.041707e+002,-1.384257e-001
8.060991e+002,-1.540205e-001
8.080276e+002,-1.719683e-001
8.099561e+002,-1.904454e-001
8.118845e+002,-2.072228e-001
8.138130e+002,-2.200018e-001
8.157415e+002,-2.268086e-001
8.176699e+002,-2.263684e-001
8.195984e+002,-2.183814e-001
8.215269e+002,-2.036347e-001
8.234553e+002,-1.839163e-001
8.253838e+002,-1.617381e-001
8.273123e+002,-1.399185e-001
8.292407e+002,-1.211033e-001
8.311692e+002,-1.073226e-001
8.330977e+002,-9.966937e-002
8.350261e+002,-9.816311e-002
8.369546e+002,-1.018183e-001
8.388831e+002,-1.088975e-001
8.408115e+002,-1.172887e-001
8.427400e+002,-1.249258e-001
8.446685e+002,-1.301696e-001
8.465969e+002,-1.320768e-001
8.485254e+002,-1.305205e-001
8.504539e+002,-1.261533e-001
8.523823e+002,-1.202395e-001
8.543108e+002,-1.144047e-001
8.562393e+002,-1.103546e-001
8.581677e+002,-1.096157e-001
8.600962e+002,-1.133326e-001
8.620247e+002,-1.221366e-001
8.639531e+002,-1.360861e-001
8.658816e+002,-1.546702e-001
8.678101e+002,-1.768590e-001
8.697385e+002,-2.011924e-001
8.716670e+002,-2.259021e-001
8.735955e+002,-2.490678e-001
8.755239e+002,-2.688028e-001
8.774524e+002,-2.834646e-001
8.793809e+002,-2.918655e-001
8.813093e+002,-2.934553e-001
8.832378e+002,-2.884330e-001
8.851663e+002,-2.777543e-001
8.870947e+002,-2.630109e-001
8.890232e+002,-2.461822e-001
8.909517e+002,-2.292929e-001
8.928801e+002,-2.140304e-001
8.948086e+002,-2.014003e-001
8.967371e+002,-1.914958e-001
8.986655e+002,-1.834412e-001
9.005940e+002,-1.755356e-001
9.025225e+002,-1.655851e-001
9.044509e+002,-1.513608e-001
9.063794e+002,-1.310995e-001
9.083079e+002,-1.039369e-001
9.102363e+002,-7.018512e-002
9.121648e+002,-3.138754e-002
9.140933e+002,9.864309e-003
9.160217e+002,5.032041e-002
9.179502e+002,8.659020e-002
9.198787e+002,1.156877e-001
9.218071e+002,1.354936e-001
9.237356e+002,1.450507e-001
9.256641e+002,1.446400e-001
9.275925e+002,1.356366e-001
9.295210e+002,1.201891e-001
9.314495e+002,1.007970e-001
9.333779e+002,7.987873e-002
9.353064e+002,5.941288e-002
9.372349e+002,4.071326e-002
9.391633e+002,2.436244e-002
9.410918e+002,1.029357e-002
9.430203e+002,-2.019831e-003
9.449487e+002,-1.332112e-002
9.468772e+002,-2.433050e-002
9.488057e+002,-3.555003e-002
9.507341e+002,-4.713546e-002
9.526626e+002,-5.883634e-002
9.545911e+002,-6.998763e-002
9.565195e+002,-7.953214e-002
9.584480e+002,-8.605710e-002
9.603765e+002,-8.783775e-002
9.623049e+002,-8.289801e-002
9.642334e+002,-6.910697e-002
9.661619e+002,-4.433334e-002
9.680903e+002,-6.670100e-003
9.700188e+002,4.527508e-002
9.719473e+002,1.120534e-001
9.738757e+002,1.930629e-001
9.758042e+002,2.863197e-001
9.777327e+002,3.883756e-001
9.796611e+002,4.944374e-001
9.815896e+002,5.987062e-001
9.835181e+002,6.949185e-001
9.854465e+002,7.770287e-001
9.873750e+002,8.399377e-001
9.893035e+002,8.801546e-001
9.912319e+002,8.962809e-001
9.931604e+002,8.892305e-001
9.950889e+002,8.621404e-001
9.970173e+002,8.199775e-001
9.989458e+002,7.688984e-001
1.000874e+003,7.154630e-001
1.002803e+003,6.658173e-001
1.004731e+003,6.249725e-001
1.006660e+003,5.962791e-001
1.008588e+003,5.811602e-001
1.010517e+003,5.791251e-001
1.012445e+003,5.880378e-001
1.014374e+003,6.045811e-001
1.016302e+003,6.248347e-001
1.018230e+003,6.448817e-001
1.020159e+003,6.613621e-001
1.022087e+003,6.719135e-001
1.024016e+003,6.754528e-001
1.025944e+003,6.722803e-001
1.027873e+003,6.639980e-001
1.029801e+003,6.532550e-001
1.031730e+003,6.433403e-001
1.033658e+003,6.376662e-001
1.035587e+003,6.391959e-001
1.037515e+003,6.498887e-001
1.039444e+003,6.702511e-001
1.041372e+003,6.990788e-001
1.043301e+003,7.334637e-001
1.045229e+003,7.691069e-001
1.047157e+003,8.009233e-001
1.049086e+003,8.238692e-001
1.051014e+003,8.338599e-001
1.052943e+003,8.286093e-001
1.054871e+003,8.082142e-001
1.056800e+003,7.753332e-001
1.058728e+003,7.348808e-001
1.060657e+003,6.932528e-001
1.062585e+003,6.571987e-001
1.064514e+003,6.325466e-001
1.066442e+003,6.230347e-001
1.068371e+003,6.294972e-001
1.070299e+003,6.495972e-001
1.072228e+003,6.781846e-001
1.074156e+003,7.082345e-001
1.076084e+003,7.321892e-001
1.078013e+003,7.434374e-001
1.079941e+003,7.376294e-001
1.081870e+003,7.135550e-001
1.083798e+003,6.734061e-001
1.085727e+003,6.223694e-001
1.087655e+003,5.676441e-001
1.089584e+003,5.170904e-001
1.091512e+003,4.777907e-001
1.093441e+003,4.548098e-001
1.095369e+003,4.503884e-001
1.097298e+003,4.637012e-001
1.099226e+003,4.911884e-001
1.101155e+003,5.273520e-001
1.103083e+003,5.658237e-001
1.105011e+003,6.004779e-001
1.106940e+003,6.263778e-001
1.108868e+003,6.403996e-001
1.110797e+003,6.414671e-001
1.112725e+003,6.304126e-001
1.114654e+003,6.095504e-001
1.116582e+003,5.820900e-001
1.118511e+003,5.515234e-001
1.120439e+003,5.210953e-001
1.122368e+003,4.934305e-001
1.124296e+003,4.703422e-001
1.126225e+003,4.528084e-001
1.128153e+003,4.410795e-001
1.130082e+003,4.348660e-001
1.132010e+003,4.335623e-001
1.133938e+003,4.364629e-001
1.135867e+003,4.429486e-001
1.137795e+003,4.526152e-001
1.139724e+003,4.653338e-001
1.141652e+003,4.812297e-001
1.143581e+003,5.005769e-001
1.145509e+003,5.236170e-001
1.147438e+003,5.503277e-001
1.149366e+003,5.801795e-001
1.151295e+003,6.119360e-001
1.153223e+003,6.435536e-001
1.155152e+003,6.722243e-001
1.157080e+003,6.945870e-001
1.159009e+003,7.070915e-001
1.160937e+003,7.064704e-001
1.162865e+003,6.902420e-001
1.164794e+003,6.571521e-001
1.166722e+003,6.074706e-001
1.168651e+003,5.430807e-001
1.170579e+003,4.673365e-001
1.172508e+003,3.847114e-001
1.174436e+003,3.002947e-001
1.176365e+003,2.192218e-001
1.178293e+003,1.461283e-001
1.180222e+003,8.470713e-002
1.182150e+003,3.741927e-002
1.184079e+003,5.378276e-003
1.186007e+003,-1.160563e-002
1.187936e+003,-1.485644e-002
1.189864e+003,-6.583731e-003
1.191792e+003,1.040357e-002
1.193721e+003,3.298878e-002
1.195649e+003,5.802665e-002
1.197578e+003,8.260266e-002
1.199506e+003,1.042701e-001
1.201435e+003,1.212580e-001
1.203363e+003,1.326366e-001
1.205292e+003,1.384191e-001
1.207220e+003,1.395734e-001
1.209149e+003,1.379241e-001
1.211077e+003,1.359358e-001
1.213006e+003,1.363916e-001
1.214934e+003,1.420014e-001
1.216863e+003,1.549931e-001
1.218791e+003,1.767519e-001
1.220719e+003,2.075672e-001
1.222648e+003,2.465347e-001
1.224576e+003,2.916331e-001
1.226505e+003,3.399673e-001
1.228433e+003,3.881381e-001
1.230362e+003,4.326805e-001
1.232290e+003,4.704979e-001
1.234219e+003,4.992265e-001
1.236147e+003,5.174774e-001
1.238076e+003,5.249255e-001
1.240004e+003,5.222470e-001
1.241933e+003,5.109250e-001
1.243861e+003,4.929714e-001
1.245790e+003,4.706153e-001
1.247718e+003,4.460127e-001
1.249646e+003,4.210227e-001
1.251575e+003,3.970729e-001
1.253503e+003,3.751250e-001
1.255432e+003,3.557218e-001
1.257360e+003,3.390906e-001
1.259289e+003,3.252638e-001
1.261217e+003,3.141813e-001
1.263146e+003,3.057505e-001
1.265074e+003,2.998500e-001
1.267003e+003,2.962868e-001
1.268931e+003,2.947250e-001
1.270860e+003,2.946225e-001
1.272788e+003,2.952031e-001
1.274717e+003,2.954899e-001
1.276645e+003,2.944089e-001
1.278573e+003,2.909501e-001
1.280502e+003,2.843596e-001
1.282430e+003,2.743234e-001
1.284359e+003,2.610982e-001
1.286287e+003,2.455575e-001
1.288216e+003,2.291327e-001
1.290144e+003,2.136530e-001
1.292073e+003,2.011060e-001
1.294001e+003,1.933578e-001
1.295930e+003,1.918800e-001
1.297858e+003,1.975252e-001
1.299787e+003,2.103875e-001
1.301715e+003,2.297630e-001
1.303644e+003,2.542149e-001
1.305572e+003,2.817268e-001
1.307500e+003,3.099243e-001
1.309429e+003,3.363318e-001
1.311357e+003,3.586410e-001
1.313286e+003,3.749591e-001
1.315214e+003,3.840155e-001
1.317143e+003,3.853056e-001
1.319071e+003,3.791541e-001
1.321000e+003,3.666865e-001
1.322928e+003,3.497042e-001
1.324857e+003,3.304702e-001
1.326785e+003,3.114252e-001
1.328714e+003,2.948681e-001
1.330642e+003,2.826444e-001
1.332571e+003,2.758929e-001
1.334499e+003,2.748915e-001
1.336427e+003,2.790355e-001
1.338356e+003,2.869537e-001
1.340284e+003,2.967494e-001
1.342213e+003,3.063261e-001
1.344141e+003,3.137444e-001
1.346070e+003,3.175489e-001
1.347998e+003,3.170129e-001
1.349927e+003,3.122605e-001
1.351855e+003,3.042497e-001
1.353784e+003,2.946242e-001
1.355712e+003,2.854582e-001
1.357641e+003,2.789393e-001
1.359569e+003,2.770352e-001
1.361498e+003,2.811944e-001
1.363426e+003,2.921231e-001
1.365354e+003,3.096694e-001
1.367283e+003,3.328330e-001
1.369211e+003,3.599016e-001
1.371140e+003,3.886986e-001
1.373068e+003,4.169096e-001
1.374997e+003,4.424394e-001
1.376925e+003,4.637433e-001
1.378854e+003,4.800746e-001
1.380782e+003,4.915974e-001
1.382711e+003,4.993392e-001
1.384639e+003,5.049797e-001
1.386568e+003,5.105122e-001
1.388496e+003,5.178345e-001
1.390425e+003,5.283498e-001
1.392353e+003,5.426537e-001
1.394281e+003,5.603714e-001
1.396210e+003,5.801742e-001
1.398138e+003,5.999683e-001
1.400067e+003,6.172134e-001
1.401995e+003,6.293060e-001
1.403924e+003,6.339528e-001
1.405852e+003,6.294763e-001
1.407781e+003,6.150162e-001
1.409709e+003,5.906201e-001
1.411638e+003,5.572402e-001
1.413566e+003,5.166665e-001
1.415495e+003,4.714184e-001
1.417423e+003,4.246053e-001
1.419352e+003,3.797459e-001
1.421280e+003,3.405259e-001
1.423208e+003,3.104766e-001
1.425137e+003,2.925797e-001
1.427065e+003,2.888368e-001
1.428994e+003,2.998772e-001
1.430922e+003,3.247020e-001
1.432851e+003,3.606586e-001
1.434779e+003,4.037063e-001
1.436708e+003,4.489724e-001
1.438636e+003,4.915203e-001
1.440565e+003,5.271885e-001
1.442493e+003,5.533124e-001
1.444422e+003,5.691508e-001
1.446350e+003,5.758926e-001
1.448279e+003,5.762099e-001
1.450207e+003,5.734422e-001
1.452135e+003,5.705904e-001
1.454064e+003,5.693661e-001
1.455992e+003,5.695403e-001
1.457921e+003,5.687761e-001
1.459849e+003,5.630159e-001
1.461778e+003,5.473602e-001
1.463706e+003,5.172482e-001
1.465635e+003,4.696715e-001
1.467563e+003,4.041360e-001
1.469492e+003,3.231397e-001
1.471420e+003,2.320460e-001
1.473349e+003,1.383697e-001
1.475277e+003,5.062782e-002
1.477206e+003,-2.300356e-002
1.479134e+003,-7.594590e-002
1.481063e+003,-1.041417e-001
1.482991e+003,-1.064824e-001
1.484919e+003,-8.469392e-002
1.486848e+003,-4.274867e-002
1.488776e+003,1.403597e-002
1.490705e+003,8.000385e-002
1.492633e+003,1.500686e-001
1.494562e+003,2.203623e-001
1.496490e+003,2.885377e-001
1.498419e+003,3.537141e-001
1.500347e+003,4.161328e-001
1.502276e+003,4.766293e-001
1.504204e+003,5.360550e-001
1.506133e+003,5.947763e-001
1.508061e+003,6.523499e-001
1.509990e+003,7.074362e-001
1.511918e+003,7.579631e-001
1.513846e+003,8.015107e-001
1.515775e+003,8.358379e-001
1.517703e+003,8.594487e-001
1.519632e+003,8.720725e-001
1.521560e+003,8.749438e-001
1.523489e+003,8.707935e-001
1.525417e+003,8.635136e-001
1.527346e+003,8.575293e-001
1.529274e+003,8.569772e-001
1.531203e+003,8.648494e-001
1.533131e+003,8.822868e-001
1.535060e+003,9.081935e-001
1.536988e+003,9.392889e-001
1.538917e+003,9.706181e-001
1.540845e+003,9.964450e-001
1.542773e+003,1.011350e+000
1.544702e+003,1.011305e+000
1.546630e+003,9.944837e-001
1.548559e+003,9.616283e-001
1.550487e+003,9.158862e-001
1.552416e+003,8.621510e-001
1.554344e+003,8.060635e-001
1.556273e+003,7.528997e-001
1.558201e+003,7.065985e-001
1.560130e+003,6.691374e-001
1.562058e+003,6.403781e-001
1.563987e+003,6.183832e-001
1.565915e+003,6.000960e-001
1.567844e+003,5.821955e-001
1.569772e+003,5.619136e-001
1.571700e+003,5.376277e-001
1.573629e+003,5.091165e-001
1.575557e+003,4.774616e-001
1.577486e+003,4.446649e-001
1.579414e+003,4.131159e-001
1.581343e+003,3.850602e-001
1.583271e+003,3.621971e-001
1.585200e+003,3.454819e-001
1.587128e+003,3.351400e-001
1.589057e+003,3.308420e-001
1.590985e+003,3.319550e-001
1.592914e+003,3.377828e-001
1.594842e+003,3.477311e-001
1.596771e+003,3.613755e-001
1.598699e+003,3.784506e-001
1.600627e+003,3.988061e-001
1.602556e+003,4.223802e-001
1.604484e+003,4.492233e-001
1.606413e+003,4.795727e-001
1.608341e+003,5.139431e-001
1.610270e+003,5.531746e-001
1.612198e+003,5.983773e-001
1.614127e+003,6.507339e-001
1.616055e+003,7.111629e-001
1.617984e+003,7.798954e-001
1.619912e+003,8.560639e-001
1.621841e+003,9.374194e-001
1.623769e+003,1.020291e+000
1.625698e+003,1.099854e+000
1.627626e+003,1.170719e+000
1.629554e+003,1.227754e+000
1.631483e+003,1.267013e+000
1.633411e+003,1.286572e+000
1.635340e+003,1.287080e+000
1.637268e+003,1.271880e+000
1.639197e+003,1.246622e+000
1.641125e+003,1.218390e+000
1.643054e+003,1.194510e+000
1.644982e+003,1.181220e+000
1.646911e+003,1.182507e+000
1.648839e+003,1.199327e+000
1.650768e+003,1.229403e+000
1.652696e+003,1.267654e+000
1.654625e+003,1.307191e+000
1.656553e+003,1.340680e+000
1.658481e+003,1.361793e+000
1.660410e+003,1.366454e+000
1.662338e+003,1.353615e+000
1.664267e+003,1.325402e+000
1.666195e+003,1.286621e+000
1.668124e+003,1.243734e+000
1.670052e+003,1.203531e+000
1.671981e+003,1.171795e+000
1.673909e+003,1.152217e+000
1.675838e+003,1.145777e+000
1.677766e+003,1.150679e+000
1.679695e+003,1.162806e+000
1.681623e+003,1.176558e+000
1.683552e+003,1.185874e+000
1.685480e+003,1.185225e+000
1.687408e+003,1.170409e+000
1.689337e+003,1.139027e+000
1.691265e+003,1.090649e+000
1.693194e+003,1.026678e+000
1.695122e+003,9.500215e-001
1.697051e+003,8.646452e-001
1.698979e+003,7.750842e-001
1.700908e+003,6.859506e-001
1.702836e+003,6.014603e-001
1.704765e+003,5.249881e-001
1.706693e+003,4.586809e-001
1.708622e+003,4.031815e-001
1.710550e+003,3.575345e-001
1.712479e+003,3.193523e-001
1.714407e+003,2.852827e-001
1.716335e+003,2.517639e-001
1.718264e+003,2.159670e-001
1.720192e+003,1.767511e-001
1.722121e+003,1.354064e-001
1.724049e+003,9.596146e-002
1.725978e+003,6.489336e-002
1.727906e+003,5.019806e-002
1.729835e+003,5.992039e-002
1.731763e+003,1.003899e-001
1.733692e+003,1.745079e-001
1.735620e+003,2.804631e-001
1.737549e+003,4.111973e-001
1.739477e+003,5.548097e-001
1.741406e+003,6.959060e-001
1.743334e+003,8.176998e-001
1.745262e+003,9.045106e-001
1.747191e+003,9.442134e-001
1.749119e+003,9.301873e-001
1.751048e+003,8.624067e-001
1.752976e+003,7.474787e-001
1.754905e+003,5.976310e-001
1.756833e+003,4.288445e-001
1.758762e+003,2.584762e-001
1.760690e+003,1.027915e-001
1.762619e+003,-2.518509e-002
1.764547e+003,-1.171741e-001
1.766476e+003,-1.703070e-001
1.768404e+003,-1.869262e-001
1.770333e+003,-1.736316e-001
1.772261e+003,-1.398057e-001
1.774189e+003,-9.590343e-002
1.776118e+003,-5.179971e-002
1.778046e+003,-1.544121e-002
1.779975e+003,8.029862e-003
1.781903e+003,1.660825e-002
1.783832e+003,1.123394e-002
1.785760e+003,-4.826479e-003
1.787689e+003,-2.687713e-002
1.789617e+003,-4.979796e-002
1.791546e+003,-6.898995e-002
1.793474e+003,-8.112065e-002
1.795403e+003,-8.457447e-002
1.797331e+003,-7.956317e-002
1.799260e+003,-6.790980e-002
1.801188e+003,-5.256922e-002
1.803116e+003,-3.698600e-002
1.805045e+003,-2.441379e-002
1.806973e+003,-1.732297e-002
1.808902e+003,-1.699791e-002
1.810830e+003,-2.339322e-002
1.812759e+003,-3.526054e-002
1.814687e+003,-5.050644e-002
1.816616e+003,-6.669547e-002
1.818544e+003,-8.158141e-002
1.820473e+003,-9.355082e-002
1.822401e+003,-1.018812e-001
1.824330e+003,-1.067663e-001
1.826258e+003,-1.091141e-001
1.828187e+003,-1.101817e-001
1.830115e+003,-1.111489e-001
1.832043e+003,-1.127498e-001
1.833972e+003,-1.150604e-001
1.835900e+003,-1.175016e-001
1.837829e+003,-1.190560e-001
1.839757e+003,-1.186365e-001
1.841686e+003,-1.155002e-001
1.843614e+003,-1.095860e-001
1.845543e+003,-1.016707e-001
1.847471e+003,-9.328642e-002
1.849400e+003,-8.640438e-002
1.851328e+003,-8.296172e-002
1.853257e+003,-8.434936e-002
1.855185e+003,-9.099977e-002
1.857114e+003,-1.021928e-001
1.859042e+003,-1.161413e-001
1.860970e+003,-1.303506e-001
1.862899e+003,-1.421698e-001
1.864827e+003,-1.494016e-001
1.866756e+003,-1.508186e-001
1.868684e+003,-1.464553e-001
1.870613e+003,-1.375988e-001
1.872541e+003,-1.264803e-001
1.874470e+003,-1.157414e-001
1.876398e+003,-1.078104e-001
1.878327e+003,-1.043407e-001
1.880255e+003,-1.058499e-001
1.882184e+003,-1.116444e-001
1.884112e+003,-1.200398e-001
1.886041e+003,-1.288159e-001
1.887969e+003,-1.357870e-001
1.889897e+003,-1.393424e-001
1.891826e+003,-1.388264e-001
1.893754e+003,-1.346694e-001
1.895683e+003,-1.282473e-001
1.897611e+003,-1.215129e-001
1.899540e+003,-1.164995e-001
1.901468e+003,-1.148190e-001
1.903397e+003,-1.172775e-001
1.905325e+003,-1.236938e-001
1.907254e+003,-1.329575e-001
1.909182e+003,-1.433000e-001
1.911111e+003,-1.527097e-001
1.913039e+003,-1.593883e-001
1.914968e+003,-1.621415e-001
1.916896e+003,-1.606210e-001
1.918824e+003,-1.553700e-001
1.920753e+003,-1.476707e-001
1.922681e+003,-1.392397e-001
1.924610e+003,-1.318436e-001
1.926538e+003,-1.269237e-001
1.928467e+003,-1.253098e-001
1.930395e+003,-1.270819e-001
1.932324e+003,-1.315988e-001
1.934252e+003,-1.376813e-001
1.936181e+003,-1.439003e-001
1.938109e+003,-1.489023e-001
1.940038e+003,-1.516987e-001
1.941966e+003,-1.518575e-001
1.943895e+003,-1.495605e-001
1.945823e+003,-1.455184e-001
1.947751e+003,-1.407728e-001
1.949680e+003,-1.364333e-001
1.951608e+003,-1.334156e-001
1.953537e+003,-1.322407e-001
1.955465e+003,-1.329402e-001
1.957394e+003,-1.350848e-001
1.959322e+003,-1.379246e-001
1.961251e+003,-1.406004e-001
1.963179e+003,-1.423723e-001
1.965108e+003,-1.428056e-001
1.967036e+003,-1.418711e-001
1.968965e+003,-1.399351e-001
1.970893e+003,-1.376477e-001
1.972822e+003,-1.357595e-001
1.974750e+003,-1.349182e-001
1.976678e+003,-1.354974e-001
1.978607e+003,-1.375000e-001
1.980535e+003,-1.405617e-001
1.982464e+003,-1.440464e-001
1.984392e+003,-1.472101e-001
1.986321e+003,-1.493852e-001
1.988249e+003,-1.501404e-001
1.990178e+003,-1.493740e-001
1.992106e+003,-1.473221e-001
1.994035e+003,-1.444818e-001
1.995963e+003,-1.414753e-001
1.997892e+003,-1.388914e-001
1.999820e+003,-1.371465e-001
2.001749e+003,-1.363991e-001
2.003677e+003,-1.365352e-001
2.005605e+003,-1.372243e-001
2.007534e+003,-1.380253e-001
2.009462e+003,-1.385121e-001
2.011391e+003,-1.383845e-001
2.013319e+003,-1.375365e-001
2.015248e+003,-1.360687e-001
2.017176e+003,-1.342439e-001
2.019105e+003,-1.324045e-001
2.021033e+003,-1.308736e-001
2.022962e+003,-1.298700e-001
2.024890e+003,-1.294556e-001
2.026819e+003,-1.295293e-001
2.028747e+003,-1.298644e-001
2.030676e+003,-1.301772e-001
2.032604e+003,-1.302065e-001
2.034532e+003,-1.297827e-001
2.036461e+003,-1.288692e-001
2.038389e+003,-1.275661e-001
2.040318e+003,-1.260781e-001
2.042246e+003,-1.246568e-001
2.044175e+003,-1.235336e-001
2.046103e+003,-1.228602e-001
2.048032e+003,-1.226736e-001
2.049960e+003,-1.228903e-001
2.051889e+003,-1.233325e-001
2.053817e+003,-1.237760e-001
2.055746e+003,-1.240081e-001
2.057674e+003,-1.238795e-001
2.059603e+003,-1.233384e-001
2.061531e+003,-1.224381e-001
2.063459e+003,-1.213184e-001
2.065388e+003,-1.201674e-001
2.067316e+003,-1.191720e-001
2.069245e+003,-1.184722e-001
2.071173e+003,-1.181290e-001
2.073102e+003,-1.181128e-001
2.075030e+003,-1.183145e-001
2.076959e+003,-1.185757e-001
2.078887e+003,-1.187280e-001
2.080816e+003,-1.186328e-001
2.082744e+003,-1.182116e-001
2.084673e+003,-1.174603e-001
2.086601e+003,-1.164456e-001
2.088530e+003,-1.152849e-001
2.090458e+003,-1.141174e-001
2.092386e+003,-1.130725e-001
2.094315e+003,-1.122434e-001
2.096243e+003,-1.116717e-001
2.098172e+003,-1.113443e-001
2.100100e+003,-1.112038e-001
2.102029e+003,-1.111650e-001
2.103957e+003,-1.111367e-001
2.105886e+003,-1.110400e-001
2.107814e+003,-1.108221e-001
2.109743e+003,-1.104616e-001
2.111671e+003,-1.099670e-001
2.113600e+003,-1.093692e-001
2.115528e+003,-1.087115e-001
2.117457e+003,-1.080393e-001
2.119385e+003,-1.073926e-001
2.121313e+003,-1.068013e-001
2.123242e+003,-1.062835e-001
2.125170e+003,-1.058469e-001
2.127099e+003,-1.054906e-001
2.129027e+003,-1.052079e-001
2.130956e+003,-1.049869e-001
2.132884e+003,-1.048126e-001
2.134813e+003,-1.046660e-001
2.136741e+003,-1.045250e-001
2.138670e+003,-1.043654e-001
2.140598e+003,-1.041632e-001
2.142527e+003,-1.038974e-001
2.144455e+003,-1.035548e-001
2.146384e+003,-1.031331e-001
2.148312e+003,-1.026437e-001
2.150240e+003,-1.021126e-001
2.152169e+003,-1.015786e-001
2.154097e+003,-1.010879e-001
2.156026e+003,-1.006879e-001
2.157954e+003,-1.004187e-001
2.159883e+003,-1.003056e-001
2.161811e+003,-1.003537e-001
2.163740e+003,-1.005453e-001
2.165668e+003,-1.008420e-001
2.167597e+003,-1.011907e-001
2.169525e+003,-1.015327e-001
2.171454e+003,-1.018139e-001
2.173382e+003,-1.019943e-001
2.175311e+003,-1.020550e-001
2.177239e+003,-1.020009e-001
2.179167e+003,-1.018578e-001
2.181096e+003,-1.016667e-001
2.183024e+003,-1.014748e-001
2.184953e+003,-1.013254e-001
2.186881e+003,-1.012503e-001
2.188810e+003,-1.012643e-001
2.190738e+003,-1.013634e-001
2.192667e+003,-1.015278e-001
2.194595e+003,-1.017264e-001
2.196524e+003,-1.019237e-001
2.198452e+003,-1.020869e-001
2.200381e+003,-1.021914e-001
2.202309e+003,-1.022248e-001
2.204238e+003,-1.021890e-001
2.206166e+003,-1.020989e-001
2.208094e+003,-1.019797e-001
2.210023e+003,-1.018624e-001
2.211951e+003,-1.017776e-001
2.213880e+003,-1.017493e-001
2.215808e+003,-1.017894e-001
2.217737e+003,-1.018943e-001
2.219665e+003,-1.020437e-001
2.221594e+003,-1.022033e-001
2.223522e+003,-1.023308e-001
2.225451e+003,-1.023835e-001
2.227379e+003,-1.023271e-001
2.229308e+003,-1.021421e-001
2.231236e+003,-1.018275e-001
2.233165e+003,-1.014004e-001
2.235093e+003,-1.008924e-001
2.237021e+003,-1.003429e-001
2.238950e+003,-9.979369e-002
2.240878e+003,-9.928348e-002
2.242807e+003,-9.884606e-002
2.244735e+003,-9.850924e-002
2.246664e+003,-9.829397e-002
2.248592e+003,-9.821206e-002
2.250521e+003,-9.826026e-002
2.252449e+003,-9.841304e-002
2.254378e+003,-9.861526e-002
2.256306e+003,-9.878035e-002
2.258235e+003,-9.879751e-002
2.260163e+003,-9.855011e-002
2.262092e+003,-9.794424e-002
2.264020e+003,-9.694050e-002
2.265948e+003,-9.558079e-002
2.267877e+003,-9.399828e-002
2.269805e+003,-9.240382e-002
2.271734e+003,-9.104660e-002
2.273662e+003,-9.015552e-002
2.275591e+003,-8.987506e-002
2.277519e+003,-9.021436e-002
2.279448e+003,-9.102701e-002
2.281376e+003,-9.203212e-002
2.283305e+003,-9.287570e-002
2.285233e+003,-9.321930e-002
2.287162e+003,-9.283055e-002
2.289090e+003,-9.164988e-002
2.291019e+003,-8.980970e-002
2.292947e+003,-8.759788e-002
2.294875e+003,-8.537471e-002
2.296804e+003,-8.346867e-002
2.298732e+003,-8.208673e-002
2.300661e+003,-8.127373e-002
2.302589e+003,-8.093975e-002
2.304518e+003,-8.095207e-002
2.306446e+003,-8.126239e-002
2.308375e+003,-8.202003e-002
2.310303e+003,-8.361847e-002
2.312232e+003,-8.663428e-002
2.314160e+003,-9.165047e-002
2.316089e+003,-9.899488e-002
2.318017e+003,-1.084629e-001
2.319946e+003,-1.191164e-001
2.321874e+003,-1.292489e-001
2.323802e+003,-1.365731e-001
2.325731e+003,-1.386353e-001
2.327659e+003,-1.333907e-001
2.329588e+003,-1.198168e-001
2.331516e+003,-9.840972e-002
2.333445e+003,-7.140878e-002
2.335373e+003,-4.264698e-002
2.337302e+003,-1.700334e-002
2.339230e+003,4.690579e-004
2.341159e+003,5.574970e-003
2.343087e+003,-4.049950e-003
2.345016e+003,-2.825294e-002
2.346944e+003,-6.414227e-002
2.348873e+003,-1.064148e-001
2.350801e+003,-1.481964e-001
2.352729e+003,-1.822439e-001
2.354658e+003,-2.022695e-001
2.356586e+003,-2.041180e-001
2.358515e+003,-1.865540e-001
2.360443e+003,-1.514993e-001
2.362372e+003,-1.036791e-001
2.364300e+003,-4.975844e-002
2.366229e+003,2.844809e-003
2.368157e+003,4.722673e-002
2.370086e+003,7.809718e-002
2.372014e+003,9.251601e-002
2.373943e+003,9.015740e-002
2.375871e+003,7.309713e-002
2.377800e+003,4.521405e-002
2.379728e+003,1.136071e-002
2.381656e+003,-2.351435e-002
2.383585e+003,-5.512714e-002
2.385513e+003,-8.038381e-002
2.387442e+003,-9.761736e-002
2.389370e+003,-1.065481e-001
2.391299e+003,-1.080293e-001
2.393227e+003,-1.036693e-001
2.395156e+003,-9.542314e-002
2.397084e+003,-8.523162e-002
2.399013e+003,-7.475643e-002
2.400941e+003,-6.522857e-002
2.402870e+003,-5.740288e-002
2.404798e+003,-5.159334e-002
2.406727e+003,-4.775852e-002
2.408655e+003,-4.560909e-002
2.410583e+003,-4.471503e-002
2.412512e+003,-4.460011e-002
2.414440e+003,-4.481638e-002
2.416369e+003,-4.499658e-002
2.418297e+003,-4.488418e-002
2.420226e+003,-4.434280e-002
2.422154e+003,-4.334658e-002
2.424083e+003,-4.195549e-002
2.426011e+003,-4.028186e-002
2.427940e+003,-3.845458e-002
2.429868e+003,-3.658839e-002
2.431797e+003,-3.476404e-002
2.433725e+003,-3.302201e-002
2.435654e+003,-3.136819e-002
2.437582e+003,-2.978848e-002
2.439510e+003,-2.826498e-002
2.441439e+003,-2.678876e-002
2.443367e+003,-2.536481e-002
2.445296e+003,-2.400910e-002
2.447224e+003,-2.273949e-002
2.449153e+003,-2.156433e-002
2.451081e+003,-2.047450e-002
2.453010e+003,-1.944034e-002
2.454938e+003,-1.841625e-002
2.456867e+003,-1.734999e-002
2.458795e+003,-1.619421e-002
2.460724e+003,-1.491627e-002
2.462652e+003,-1.350353e-002
2.464581e+003,-1.196343e-002
2.466509e+003,-1.031861e-002
2.468438e+003,-8.600150e-003
2.470366e+003,-6.840732e-003
2.472294e+003,-5.070429e-003
2.474223e+003,-3.315087e-003
2.476151e+003,-1.597285e-003
2.478080e+003,6.253630e-005
2.480008e+003,1.645787e-003
2.481937e+003,3.137784e-003
2.483865e+003,4.531598e-003
2.485794e+003,5.832526e-003
2.487722e+003,7.060828e-003
2.489651e+003,8.250743e-003
2.491579e+003,9.445487e-003
2.493508e+003,1.068833e-002
2.495436e+003,1.201171e-002
2.497365e+003,1.342795e-002
2.499293e+003,1.492352e-002
2.501221e+003,1.645976e-002
2.503150e+003,1.797938e-002
2.505078e+003,1.941818e-002
2.507007e+003,2.071877e-002
2.508935e+003,2.184315e-002
2.510864e+003,2.278088e-002
2.512792e+003,2.355135e-002
2.514721e+003,2.419979e-002
2.516649e+003,2.478812e-002
2.518578e+003,2.538328e-002
2.520506e+003,2.604577e-002
2.522435e+003,2.682065e-002
2.524363e+003,2.773307e-002
2.526292e+003,2.878772e-002
2.528220e+003,2.997270e-002
2.530148e+003,3.126530e-002
2.532077e+003,3.263813e-002
2.534005e+003,3.406462e-002
2.535934e+003,3.552230e-002
2.537862e+003,3.699361e-002
2.539791e+003,3.846500e-002
2.541719e+003,3.992520e-002
2.543648e+003,4.136266e-002
2.545576e+003,4.276467e-002
2.547505e+003,4.411780e-002
2.549433e+003,4.540934e-002
2.551362e+003,4.663076e-002
2.553290e+003,4.778096e-002
2.555219e+003,4.886943e-002
2.557147e+003,4.991778e-002
2.559075e+003,5.095904e-002
2.561004e+003,5.203451e-002
2.562932e+003,5.318806e-002
2.564861e+003,5.445903e-002
2.566789e+003,5.587529e-002
2.568718e+003,5.744688e-002
2.570646e+003,5.916234e-002
2.572575e+003,6.098890e-002
2.574503e+003,6.287623e-002
2.576432e+003,6.476320e-002
2.578360e+003,6.658760e-002
2.580289e+003,6.829585e-002
2.582217e+003,6.985168e-002
2.584146e+003,7.124203e-002
2.586074e+003,7.247970e-002
2.588002e+003,7.360101e-002
2.589931e+003,7.466055e-002
2.591859e+003,7.572312e-002
2.593788e+003,7.685401e-002
2.595716e+003,7.810993e-002
2.597645e+003,7.953168e-002
2.599573e+003,8.113895e-002
2.601502e+003,8.292872e-002
2.603430e+003,8.487672e-002
2.605359e+003,8.694147e-002
2.607287e+003,8.907051e-002
2.609216e+003,9.120805e-002
2.611144e+003,9.330194e-002
2.613073e+003,9.531046e-002
2.615001e+003,9.720688e-002
2.616929e+003,9.898208e-002
2.618858e+003,1.006442e-001
2.620786e+003,1.022167e-001
2.622715e+003,1.037334e-001
2.624643e+003,1.052336e-001
2.626572e+003,1.067557e-001
2.628500e+003,1.083323e-001
2.630429e+003,1.099866e-001
2.632357e+003,1.117301e-001
2.634286e+003,1.135636e-001
2.636214e+003,1.154785e-001
2.638143e+003,1.174610e-001
2.640071e+003,1.194957e-001
2.642000e+003,1.215701e-001
2.643928e+003,1.236769e-001
2.645856e+003,1.258152e-001
2.647785e+003,1.279900e-001
2.649713e+003,1.302094e-001
2.651642e+003,1.324812e-001
2.653570e+003,1.348085e-001
2.655499e+003,1.371869e-001
2.657427e+003,1.396035e-001
2.659356e+003,1.420376e-001
2.661284e+003,1.444653e-001
2.663213e+003,1.468637e-001
2.665141e+003,1.492179e-001
2.667070e+003,1.515243e-001
2.668998e+003,1.537919e-001
2.670927e+003,1.560403e-001
2.672855e+003,1.582919e-001
2.674783e+003,1.605629e-001
2.676712e+003,1.628533e-001
2.678640e+003,1.651402e-001
2.680569e+003,1.673750e-001
2.682497e+003,1.694891e-001
2.684426e+003,1.714054e-001
2.686354e+003,1.730548e-001
2.688283e+003,1.743941e-001
2.690211e+003,1.754218e-001
2.692140e+003,1.761851e-001
2.694068e+003,1.767791e-001
2.695997e+003,1.773345e-001
2.697925e+003,1.779985e-001
2.699854e+003,1.789107e-001
2.701782e+003,1.801812e-001
2.703710e+003,1.818743e-001
2.705639e+003,1.840014e-001
2.707567e+003,1.865249e-001
2.709496e+003,1.893700e-001
2.711424e+003,1.924425e-001
2.713353e+003,1.956467e-001
2.715281e+003,1.988998e-001
2.717210e+003,2.021399e-001
2.719138e+003,2.053259e-001
2.721067e+003,2.084327e-001
2.722995e+003,2.114417e-001
2.724924e+003,2.143320e-001
2.726852e+003,2.170752e-001
2.728781e+003,2.196347e-001
2.730709e+003,2.219703e-001
2.732637e+003,2.240477e-001
2.734566e+003,2.258492e-001
2.736494e+003,2.273829e-001
2.738423e+003,2.286894e-001
2.740351e+003,2.298412e-001
2.742280e+003,2.309364e-001
2.744208e+003,2.320862e-001
2.746137e+003,2.333965e-001
2.748065e+003,2.349499e-001
2.749994e+003,2.367880e-001
2.751922e+003,2.389011e-001
2.753851e+003,2.412273e-001
2.755779e+003,2.436624e-001
2.757708e+003,2.460817e-001
2.759636e+003,2.483670e-001
2.761564e+003,2.504366e-001
2.763493e+003,2.522664e-001
2.765421e+003,2.538987e-001
2.767350e+003,2.554334e-001
2.769278e+003,2.570021e-001
2.771207e+003,2.587324e-001
2.773135e+003,2.607106e-001
2.775064e+003,2.629574e-001
2.776992e+003,2.654226e-001
2.778921e+003,2.680038e-001
2.780849e+003,2.705841e-001
2.782778e+003,2.730755e-001
2.784706e+003,2.754532e-001
2.786635e+003,2.777644e-001
2.788563e+003,2.801050e-001
2.790491e+003,2.825697e-001
2.792420e+003,2.851906e-001
2.794348e+003,2.878919e-001
2.796277e+003,2.904845e-001
2.798205e+003,2.927163e-001
2.800134e+003,2.943745e-001
2.802062e+003,2.954127e-001
2.803991e+003,2.960580e-001
2.805919e+003,2.968471e-001
2.807848e+003,2.985478e-001
2.809776e+003,3.019561e-001
2.811705e+003,3.075951e-001
2.813633e+003,3.153906e-001
2.815562e+003,3.244221e-001
2.817490e+003,3.328599e-001
2.819418e+003,3.381675e-001
2.821347e+003,3.375885e-001
2.823275e+003,3.288632e-001
2.825204e+003,3.110332e-001
2.827132e+003,2.851411e-001
2.829061e+003,2.546142e-001
2.830989e+003,2.251640e-001
2.832918e+003,2.041253e-001
2.834846e+003,1.992854e-001
2.836775e+003,2.173921e-001
2.838703e+003,2.626272e-001
2.840632e+003,3.353869e-001
2.842560e+003,4.316704e-001
2.844489e+003,5.432779e-001
2.846417e+003,6.588469e-001
2.848345e+003,7.655740e-001
2.850274e+003,8.513095e-001
2.852202e+003,9.066077e-001
2.854131e+003,9.263217e-001
2.856059e+003,9.104065e-001
2.857988e+003,8.637757e-001
2.859916e+003,7.952486e-001
2.861845e+003,7.158302e-001
2.863773e+003,6.366955e-001
2.865702e+003,5.673074e-001
2.867630e+003,5.140408e-001
2.869559e+003,4.795551e-001
2.871487e+003,4.629743e-001
2.873416e+003,4.607438e-001
2.875344e+003,4.678941e-001
2.877272e+003,4.793711e-001
2.879201e+003,4.911141e-001
2.881129e+003,5.006628e-001
2.883058e+003,5.072182e-001
2.884986e+003,5.112364e-001
2.886915e+003,5.137532e-001
2.888843e+003,5.156914e-001
2.890772e+003,5.173859e-001
2.892700e+003,5.184742e-001
2.894629e+003,5.181825e-001
2.896557e+003,5.159049e-001
2.898486e+003,5.118849e-001
2.900414e+003,5.077660e-001
2.902343e+003,5.068056e-001
2.904271e+003,5.136312e-001
2.906199e+003,5.335361e-001
2.908128e+003,5.714309e-001
2.910056e+003,6.306633e-001
2.911985e+003,7.119645e-001
2.913913e+003,8.127621e-001
2.915842e+003,9.270365e-001
2.917770e+003,1.045788e+000
2.919699e+003,1.158061e+000
2.921627e+003,1.252376e+000
2.923556e+003,1.318323e+000
2.925484e+003,1.348069e+000
2.927413e+003,1.337531e+000
2.929341e+003,1.287032e+000
2.931270e+003,1.201342e+000
2.933198e+003,1.089114e+000
2.935126e+003,9.617894e-001
2.937055e+003,8.321508e-001
2.938983e+003,7.127255e-001
2.940912e+003,6.142577e-001
2.942840e+003,5.444571e-001
2.944769e+003,5.071840e-001
2.946697e+003,5.021650e-001
2.948626e+003,5.252638e-001
2.950554e+003,5.692475e-001
2.952483e+003,6.249277e-001
2.954411e+003,6.824976e-001
2.956340e+003,7.328693e-001
2.958268e+003,7.688133e-001
2.960197e+003,7.857457e-001
2.962125e+003,7.820632e-001
2.964053e+003,7.590092e-001
2.965982e+003,7.201281e-001
2.967910e+003,6.704335e-001
2.969839e+003,6.154568e-001
2.971767e+003,5.603548e-001
2.973696e+003,5.092239e-001
2.975624e+003,4.647219e-001
2.977553e+003,4.280248e-001
2.979481e+003,3.990779e-001
2.981410e+003,3.770414e-001
2.983338e+003,3.608009e-001
2.985267e+003,3.494130e-001
2.987195e+003,3.423835e-001
2.989124e+003,3.397294e-001
2.991052e+003,3.418327e-001
2.992980e+003,3.491470e-001
2.994909e+003,3.618518e-001
2.996837e+003,3.795603e-001
2.998766e+003,4.011661e-001
3.000694e+003,4.248762e-001
3.002623e+003,4.484304e-001
3.004551e+003,4.694572e-001
3.006480e+003,4.858847e-001
3.008408e+003,4.963126e-001
3.010337e+003,5.002605e-001
3.012265e+003,4.982379e-001
3.014194e+003,4.916248e-001
3.016122e+003,4.823911e-001
3.018051e+003,4.727211e-001
3.019979e+003,4.646215e-001
3.021907e+003,4.595946e-001
3.023836e+003,4.584374e-001
3.025764e+003,4.611933e-001
3.027693e+003,4.672552e-001
3.029621e+003,4.755796e-001
3.031550e+003,4.849580e-001
3.033478e+003,4.942828e-001
3.035407e+003,5.027539e-001
3.037335e+003,5.099899e-001
3.039264e+003,5.160348e-001
3.041192e+003,5.212726e-001
3.043121e+003,5.262792e-001
3.045049e+003,5.316538e-001
3.046978e+003,5.378675e-001
3.048906e+003,5.451592e-001
3.050834e+003,5.534949e-001
3.052763e+003,5.625896e-001
3.054691e+003,5.719785e-001
3.056620e+003,5.811157e-001
3.058548e+003,5.894752e-001
3.060477e+003,5.966337e-001
3.062405e+003,6.023218e-001
3.064334e+003,6.064385e-001
3.066262e+003,6.090347e-001
3.068191e+003,6.102756e-001
3.070119e+003,6.103961e-001
3.072048e+003,6.096602e-001
3.073976e+003,6.083325e-001
3.075905e+003,6.066647e-001
3.077833e+003,6.048914e-001
3.079761e+003,6.032324e-001
3.081690e+003,6.018909e-001
3.083618e+003,6.010426e-001
3.085547e+003,6.008176e-001
3.087475e+003,6.012750e-001
3.089404e+003,6.023801e-001
3.091332e+003,6.039929e-001
3.093261e+003,6.058758e-001
3.095189e+003,6.077241e-001
3.097118e+003,6.092179e-001
3.099046e+003,6.100860e-001
3.100975e+003,6.101688e-001
3.102903e+003,6.094662e-001
3.104832e+003,6.081578e-001
3.106760e+003,6.065870e-001
3.108688e+003,6.052114e-001
3.110617e+003,6.045269e-001
3.112545e+003,6.049802e-001
3.114474e+003,6.068887e-001
3.116402e+003,6.103837e-001
3.118331e+003,6.153870e-001
3.120259e+003,6.216274e-001
3.122188e+003,6.286901e-001
3.124116e+003,6.360893e-001
3.126045e+003,6.433478e-001
3.127973e+003,6.500685e-001
3.129902e+003,6.559849e-001
3.131830e+003,6.609851e-001
3.133759e+003,6.651068e-001
3.135687e+003,6.685122e-001
3.137615e+003,6.714475e-001
3.139544e+003,6.741999e-001
3.141472e+003,6.770576e-001
3.143401e+003,6.802799e-001
3.145329e+003,6.840771e-001
3.147258e+003,6.885992e-001
3.149186e+003,6.939311e-001
3.151115e+003,7.000911e-001
3.153043e+003,7.070303e-001
3.154972e+003,7.146350e-001
3.156900e+003,7.227316e-001
3.158829e+003,7.310968e-001
3.160757e+003,7.394758e-001
3.162686e+003,7.476060e-001
3.164614e+003,7.552474e-001
3.166542e+003,7.622129e-001
3.168471e+003,7.683955e-001
3.170399e+003,7.737852e-001
3.172328e+003,7.784733e-001
3.174256e+003,7.826399e-001
3.176185e+003,7.865259e-001
3.178113e+003,7.903942e-001
3.180042e+003,7.944843e-001
3.181970e+003,7.989687e-001
3.183899e+003,8.039199e-001
3.185827e+003,8.092946e-001
3.187756e+003,8.149374e-001
3.189684e+003,8.206082e-001
3.191613e+003,8.260251e-001
3.193541e+003,8.309172e-001
3.195469e+003,8.350776e-001
3.197398e+003,8.384023e-001
3.199326e+003,8.409119e-001
3.201255e+003,8.427439e-001
3.203183e+003,8.441231e-001
3.205112e+003,8.453121e-001
3.207040e+003,8.465551e-001
3.208969e+003,8.480255e-001
3.210897e+003,8.497927e-001
3.212826e+003,8.518113e-001
3.214754e+003,8.539382e-001
3.216683e+003,8.559719e-001
3.218611e+003,8.577024e-001
3.220540e+003,8.589633e-001
3.222468e+003,8.596694e-001
3.224396e+003,8.598377e-001
3.226325e+003,8.595841e-001
3.228253e+003,8.591031e-001
3.230182e+003,8.586352e-001
3.232110e+003,8.584336e-001
3.234039e+003,8.587347e-001
3.235967e+003,8.597406e-001
3.237896e+003,8.616106e-001
3.239824e+003,8.644587e-001
3.241753e+003,8.683522e-001
3.243681e+003,8.733075e-001
3.245610e+003,8.792800e-001
3.247538e+003,8.861541e-001
3.249467e+003,8.937354e-001
3.251395e+003,9.017551e-001
3.253323e+003,9.098906e-001
3.255252e+003,9.178029e-001
3.257180e+003,9.251868e-001
3.259109e+003,9.318229e-001
3.261037e+003,9.376196e-001
3.262966e+003,9.426311e-001
3.264894e+003,9.470463e-001
3.266823e+003,9.511459e-001
3.268751e+003,9.552345e-001
3.270680e+003,9.595664e-001
3.272608e+003,9.642751e-001
3.274537e+003,9.693315e-001
3.276465e+003,9.745325e-001
3.278394e+003,9.795334e-001
3.280322e+003,9.839073e-001
3.282250e+003,9.872283e-001
3.284179e+003,9.891539e-001
3.286107e+003,9.894921e-001
3.288036e+003,9.882419e-001
3.289964e+003,9.855961e-001
3.291893e+003,9.819104e-001
3.293821e+003,9.776462e-001
3.295750e+003,9.732978e-001
3.297678e+003,9.693192e-001
3.299607e+003,9.660623e-001
3.301535e+003,9.637360e-001
3.303464e+003,9.623902e-001
3.305392e+003,9.619262e-001
3.307321e+003,9.621278e-001
3.309249e+003,9.627072e-001
3.311177e+003,9.633574e-001
3.313106e+003,9.638013e-001
3.315034e+003,9.638305e-001
3.316963e+003,9.633281e-001
3.318891e+003,9.622729e-001
3.320820e+003,9.607253e-001
3.322748e+003,9.588002e-001
3.324677e+003,9.566343e-001
3.326605e+003,9.543544e-001
3.328534e+003,9.520561e-001
3.330462e+003,9.497967e-001
3.332391e+003,9.476023e-001
3.334319e+003,9.454857e-001
3.336248e+003,9.434665e-001
3.338176e+003,9.415861e-001
3.340104e+003,9.399083e-001
3.342033e+003,9.385039e-001
3.343961e+003,9.374224e-001
3.345890e+003,9.366589e-001
3.347818e+003,9.361265e-001
3.349747e+003,9.356506e-001
3.351675e+003,9.349867e-001
3.353604e+003,9.338648e-001
3.355532e+003,9.320548e-001
3.357461e+003,9.294294e-001
3.359389e+003,9.260153e-001
3.361318e+003,9.220098e-001
3.363246e+003,9.177561e-001
3.365175e+003,9.136800e-001
3.367103e+003,9.101992e-001
3.369031e+003,9.076293e-001
3.370960e+003,9.061070e-001
3.372888e+003,9.055542e-001
3.374817e+003,9.056926e-001
3.376745e+003,9.061030e-001
3.378674e+003,9.063172e-001
3.380602e+003,9.059172e-001
3.382531e+003,9.046154e-001
3.384459e+003,9.022987e-001
3.386388e+003,8.990276e-001
3.388316e+003,8.949962e-001
3.390245e+003,8.904717e-001
3.392173e+003,8.857363e-001
3.394102e+003,8.810490e-001
3.396030e+003,8.766406e-001
3.397958e+003,8.727349e-001
3.399887e+003,8.695824e-001
3.401815e+003,8.674800e-001
3.403744e+003,8.667549e-001
3.405672e+003,8.677031e-001
3.407601e+003,8.704856e-001
3.409529e+003,8.750085e-001
3.411458e+003,8.808244e-001
3.413386e+003,8.870987e-001
3.415315e+003,8.926665e-001
3.417243e+003,8.961954e-001
3.419172e+003,8.964313e-001
3.421100e+003,8.924793e-001
3.423029e+003,8.840582e-001
3.424957e+003,8.716571e-001
3.426885e+003,8.565451e-001
3.428814e+003,8.406129e-001
3.430742e+003,8.260645e-001
3.432671e+003,8.150164e-001
3.434599e+003,8.090875e-001
3.436528e+003,8.090675e-001
3.438456e+003,8.147388e-001
3.440385e+003,8.248917e-001
3.442313e+003,8.375334e-001
3.444242e+003,8.502417e-001
3.446170e+003,8.605927e-001
3.448099e+003,8.665705e-001
3.450027e+003,8.668830e-001
3.451956e+003,8.611298e-001
3.453884e+003,8.498051e-001
3.455813e+003,8.341544e-001
3.457741e+003,8.159283e-001
3.459669e+003,7.970911e-001
3.461598e+003,7.795355e-001
3.463526e+003,7.648431e-001
3.465455e+003,7.541116e-001
3.467383e+003,7.478520e-001
3.469312e+003,7.459540e-001
3.471240e+003,7.477118e-001
3.473169e+003,7.519113e-001
3.475097e+003,7.569782e-001
3.477026e+003,7.611884e-001
3.478954e+003,7.629255e-001
3.480883e+003,7.609585e-001
3.482811e+003,7.546896e-001
3.484740e+003,7.443161e-001
3.486668e+003,7.308478e-001
3.488596e+003,7.159555e-001
3.490525e+003,7.016513e-001
3.492453e+003,6.898606e-001
3.494382e+003,6.819764e-001
3.496310e+003,6.785082e-001
3.498239e+003,6.789297e-001
3.500167e+003,6.817825e-001
3.502096e+003,6.850290e-001
3.504024e+003,6.865802e-001
3.505953e+003,6.848634e-001
3.507881e+003,6.792719e-001
3.509810e+003,6.703653e-001
3.511738e+003,6.597438e-001
3.513667e+003,6.496192e-001
3.515595e+003,6.421824e-001
3.517523e+003,6.389484e-001
3.519452e+003,6.402629e-001
3.521380e+003,6.451254e-001
3.523309e+003,6.513952e-001
3.525237e+003,6.563355e-001
3.527166e+003,6.573504e-001
3.529094e+003,6.527041e-001
3.531023e+003,6.420103e-001
3.532951e+003,6.263416e-001
3.534880e+003,6.079186e-001
3.536808e+003,5.894643e-001
3.538737e+003,5.734146e-001
3.540665e+003,5.612241e-001
3.542594e+003,5.529841e-001
3.544522e+003,5.474753e-001
3.546450e+003,5.426474e-001
3.548379e+003,5.363790e-001
3.550307e+003,5.272787e-001
3.552236e+003,5.152655e-001
3.554164e+003,5.017248e-001
3.556093e+003,4.891666e-001
3.558021e+003,4.804628e-001
3.559950e+003,4.778844e-001
3.561878e+003,4.822287e-001
3.563807e+003,4.923209e-001
3.565735e+003,5.050691e-001
3.567664e+003,5.160959e-001
3.569592e+003,5.207981e-001
3.571521e+003,5.155511e-001
3.573449e+003,4.987221e-001
3.575377e+003,4.712055e-001
3.577306e+003,4.363170e-001
3.579234e+003,3.990681e-001
3.581163e+003,3.650094e-001
3.583091e+003,3.389499e-001
3.585020e+003,3.238847e-001
3.586948e+003,3.203976e-001
3.588877e+003,3.266617e-001
3.590805e+003,3.389946e-001
3.592734e+003,3.527814e-001
3.594662e+003,3.634975e-001
3.596591e+003,3.675719e-001
3.598519e+003,3.629072e-001
3.600448e+003,3.490053e-001
3.602376e+003,3.267621e-001
3.604304e+003,2.980836e-001
3.606233e+003,2.654842e-001
3.608161e+003,2.317849e-001
3.610090e+003,1.999333e-001
3.612018e+003,1.728880e-001
3.613947e+003,1.534527e-001
3.615875e+003,1.439645e-001
3.617804e+003,1.458141e-001
3.619732e+003,1.588794e-001
3.621661e+003,1.810574e-001
3.623589e+003,2.081165e-001
3.625518e+003,2.340553e-001
3.627446e+003,2.520282e-001
3.629375e+003,2.557233e-001
3.631303e+003,2.409047e-001
3.633231e+003,2.067185e-001
3.635160e+003,1.563592e-001
3.637088e+003,9.681647e-002
3.639017e+003,3.764411e-002
3.640945e+003,-1.103633e-002
3.642874e+003,-4.085353e-002
3.644802e+003,-4.725051e-002
3.646731e+003,-3.074620e-002
3.648659e+003,2.976744e-003
3.650588e+003,4.423730e-002
3.652516e+003,8.152533e-002
3.654445e+003,1.041565e-001
3.656373e+003,1.047566e-001
3.658302e+003,8.095453e-002
3.660230e+003,3.586915e-002
3.662158e+003,-2.271440e-002
3.664087e+003,-8.424404e-002
3.666015e+003,-1.378743e-001
3.667944e+003,-1.748824e-001
3.669872e+003,-1.904424e-001
3.671801e+003,-1.843660e-001
3.673729e+003,-1.607107e-001
3.675658e+003,-1.264496e-001
3.677586e+003,-8.962350e-002
3.679515e+003,-5.748593e-002
3.681443e+003,-3.509950e-002
3.683372e+003,-2.466915e-002
3.685300e+003,-2.566612e-002
3.687229e+003,-3.557517e-002
3.689157e+003,-5.095286e-002
3.691085e+003,-6.844852e-002
3.693014e+003,-8.550920e-002
3.694942e+003,-1.006351e-001
3.696871e+003,-1.132185e-001
3.698799e+003,-1.231297e-001
3.700728e+003,-1.302703e-001
3.702656e+003,-1.342947e-001
3.704585e+003,-1.346061e-001
3.706513e+003,-1.306130e-001
3.708442e+003,-1.221299e-001
3.710370e+003,-1.097492e-001
3.712299e+003,-9.502129e-002
3.714227e+003,-8.035143e-002
3.716156e+003,-6.861870e-002
3.718084e+003,-6.261713e-002
3.720012e+003,-6.447528e-002
3.721941e+003,-7.521422e-002
3.723869e+003,-9.455046e-002
3.725798e+003,-1.209760e-001
3.727726e+003,-1.520580e-001
3.729655e+003,-1.848524e-001
3.731583e+003,-2.163092e-001
3.733512e+003,-2.435815e-001
3.735440e+003,-2.642092e-001
3.737369e+003,-2.762090e-001
3.739297e+003,-2.781410e-001
3.741226e+003,-2.692191e-001
3.743154e+003,-2.494947e-001
3.745083e+003,-2.200796e-001
3.747011e+003,-1.833159e-001
3.748939e+003,-1.427753e-001
3.750868e+003,-1.029847e-001
3.752796e+003,-6.884801e-002
3.754725e+003,-4.482508e-002
3.756653e+003,-3.403053e-002
3.758582e+003,-3.747315e-002
3.760510e+003,-5.366001e-002
3.762439e+003,-7.872307e-002
3.764367e+003,-1.071023e-001
3.766296e+003,-1.326727e-001
3.768224e+003,-1.500743e-001
3.770153e+003,-1.559280e-001
3.772081e+003,-1.496324e-001
3.774010e+003,-1.335239e-001
3.775938e+003,-1.123410e-001
3.777866e+003,-9.210660e-002
3.779795e+003,-7.869339e-002
3.781723e+003,-7.642429e-002
3.783652e+003,-8.704896e-002
3.785580e+003,-1.093473e-001
3.787509e+003,-1.394465e-001
3.789437e+003,-1.717619e-001
3.791366e+003,-2.003156e-001
3.793294e+003,-2.200995e-001
3.795223e+003,-2.281521e-001
3.797151e+003,-2.241006e-001
3.799080e+003,-2.100681e-001
3.801008e+003,-1.900059e-001
3.802937e+003,-1.686525e-001
3.804865e+003,-1.504007e-001
3.806793e+003,-1.383540e-001
3.808722e+003,-1.337858e-001
3.810650e+003,-1.360965e-001
3.812579e+003,-1.432244e-001
3.814507e+003,-1.523644e-001
3.816436e+003,-1.607743e-001
3.818364e+003,-1.664597e-001
3.820293e+003,-1.685753e-001
3.822221e+003,-1.674763e-001
3.824150e+003,-1.644495e-001
3.826078e+003,-1.612352e-001
3.828007e+003,-1.594890e-001
3.829935e+003,-1.603312e-001
3.831864e+003,-1.640852e-001
3.833792e+003,-1.702490e-001
3.835720e+003,-1.776732e-001
3.837649e+003,-1.848748e-001
3.839577e+003,-1.903939e-001
3.841506e+003,-1.931048e-001
3.843434e+003,-1.924234e-001
3.845363e+003,-1.883838e-001
3.847291e+003,-1.815923e-001
3.849220e+003,-1.730876e-001
3.851148e+003,-1.641434e-001
3.853077e+003,-1.560480e-001
3.855005e+003,-1.498893e-001
3.856934e+003,-1.463693e-001
3.858862e+003,-1.456702e-001
3.860791e+003,-1.473964e-001
3.862719e+003,-1.506161e-001
3.864647e+003,-1.540153e-001
3.866576e+003,-1.561610e-001
3.868504e+003,-1.558357e-001
3.870433e+003,-1.523837e-001
3.872361e+003,-1.459792e-001
3.874290e+003,-1.377338e-001
3.876218e+003,-1.295792e-001
3.878147e+003,-1.239140e-001
3.880075e+003,-1.230650e-001
3.882004e+003,-1.286762e-001
3.883932e+003,-1.411744e-001
3.885861e+003,-1.594634e-001
3.887789e+003,-1.809615e-001
3.889718e+003,-2.020098e-001
3.891646e+003,-2.185951e-001
3.893574e+003,-2.272315e-001
3.895503e+003,-2.257954e-001
3.897431e+003,-2.141022e-001
3.899360e+003,-1.940634e-001
3.901288e+003,-1.693625e-001
3.903217e+003,-1.447067e-001
3.905145e+003,-1.248198e-001
3.907074e+003,-1.134138e-001
3.909002e+003,-1.123859e-001
3.910931e+003,-1.214344e-001
3.912859e+003,-1.381842e-001
3.914788e+003,-1.587848e-001
3.916716e+003,-1.788268e-001
3.918645e+003,-1.943492e-001
3.920573e+003,-2.026898e-001
3.922501e+003,-2.029837e-001
3.924430e+003,-1.962069e-001
3.926358e+003,-1.847827e-001
3.928287e+003,-1.718766e-001
3.930215e+003,-1.605753e-001
3.932144e+003,-1.531615e-001
3.934072e+003,-1.506567e-001
3.936001e+003,-1.527215e-001
3.937929e+003,-1.579058e-001
3.939858e+003,-1.641515e-001
3.941786e+003,-1.693925e-001
3.943715e+003,-1.720907e-001
3.945643e+003,-1.715750e-001
3.947572e+003,-1.681181e-001
3.949500e+003,-1.627617e-001
3.951428e+003,-1.569635e-001
3.953357e+003,-1.521799e-001
3.955285e+003,-1.495008e-001
3.957214e+003,-1.494242e-001
3.959142e+003,-1.518109e-001
3.961071e+003,-1.560056e-001
3.962999e+003,-1.610684e-001
3.964928e+003,-1.660397e-001
3.966856e+003,-1.701644e-001
3.968785e+003,-1.730231e-001
3.970713e+003,-1.745546e-001
3.972642e+003,-1.749840e-001
3.974570e+003,-1.746953e-001
3.976499e+003,-1.740972e-001
3.978427e+003,-1.735191e-001
3.980355e+003,-1.731617e-001
3.982284e+003,-1.731004e-001
3.984212e+003,-1.733264e-001
3.986141e+003,-1.737995e-001
3.988069e+003,-1.744890e-001
3.989998e+003,-1.753882e-001
3.991926e+003,-1.765020e-001
3.993855e+003,-1.778182e-001
3.995783e+003,-1.792784e-001
3.997712e+003,-1.807654e-001
3.999640e+003,-1.821139e-001
4.001569e+003,0.000000e+000
