3.991926e+002,-9.336523e-001
4.011211e+002,-1.728231e+000
4.030496e+002,-1.341672e+000
4.049780e+002,-7.920552e-001
4.069065e+002,-1.968880e-001
4.088350e+002,3.216695e-001
4.107634e+002,6.656223e-001
4.126919e+002,7.830526e-001
4.146204e+002,6.777893e-001
4.165488e+002,4.048714e-001
4.184773e+002,5.359214e-002
4.204058e+002,-2.769170e-001
4.223342e+002,-5.028923e-001
4.242627e+002,-5.754238e-001
4.261912e+002,-4.895761e-001
4.281196e+002,-2.815456e-001
4.300481e+002,-1.551511e-002
4.319766e+002,2.355082e-001
4.339050e+002,4.093142e-001
4.358335e+002,4.693404e-001
4.377620e+002,4.112700e-001
4.396904e+002,2.604347e-001
4.416189e+002,6.170144e-002
4.435474e+002,-1.345970e-001
4.454758e+002,-2.863787e-001
4.474043e+002,-3.694395e-001
4.493328e+002,-3.808132e-001
4.512612e+002,-3.357329e-001
4.531897e+002,-2.599176e-001
4.551182e+002,-1.800762e-001
4.570466e+002,-1.157018e-001
4.589751e+002,-7.446042e-002
4.609036e+002,-5.210988e-002
4.628320e+002,-3.635412e-002
4.647605e+002,-1.287507e-002
4.666890e+002,2.871498e-002
4.686174e+002,9.098443e-002
4.705459e+002,1.679554e-001
4.724744e+002,2.474740e-001
4.744028e+002,3.155869e-001
4.763313e+002,3.612441e-001
4.782598e+002,3.796771e-001
4.801882e+002,3.733775e-001
4.821167e+002,3.504980e-001
4.840452e+002,3.213960e-001
4.859736e+002,2.946486e-001
4.879021e+002,2.739743e-001
4.898306e+002,2.571352e-001
4.917590e+002,2.371608e-001
4.936875e+002,2.054387e-001
4.956160e+002,1.555844e-001
4.975444e+002,8.675892e-002
4.994729e+002,5.306424e-003
5.014014e+002,-7.586520e-002
5.033298e+002,-1.400132e-001
5.052583e+002,-1.706029e-001
5.071868e+002,-1.554948e-001
5.091152e+002,-9.010541e-002
5.110437e+002,2.128106e-002
5.129722e+002,1.663059e-001
5.149006e+002,3.270981e-001
5.168291e+002,4.838263e-001
5.187576e+002,6.183033e-001
5.206860e+002,7.168147e-001
5.226145e+002,7.716908e-001
5.245430e+002,7.815455e-001
5.264714e+002,7.504592e-001
5.283999e+002,6.865619e-001
5.303284e+002,6.004641e-001
5.322568e+002,5.038213e-001
5.341853e+002,4.081115e-001
5.361138e+002,3.235513e-001
5.380422e+002,2.580391e-001
5.399707e+002,2.161199e-001
5.418992e+002,1.981291e-001
5.438276e+002,1.998321e-001
5.457561e+002,2.129017e-001
5.476846e+002,2.264480e-001
5.496130e+002,2.295157e-001
5.515415e+002,2.141096e-001
5.534700e+002,1.780015e-001
5.553984e+002,1.264506e-001
5.573269e+002,7.211904e-002
5.592554e+002,3.286766e-002
5.611838e+002,2.769458e-002
5.631123e+002,7.166629e-002
5.650408e+002,1.710980e-001
5.669692e+002,3.203346e-001
5.688977e+002,5.011942e-001
5.708262e+002,6.855139e-001
5.727546e+002,8.404498e-001
5.746831e+002,9.354127e-001
5.766116e+002,9.490271e-001
5.785400e+002,8.743929e-001
5.804685e+002,7.212868e-001
5.823970e+002,5.146611e-001
5.843254e+002,2.897079e-001
5.862539e+002,8.460937e-002
5.881824e+002,-6.732329e-002
5.901108e+002,-1.442865e-001
5.920393e+002,-1.398753e-001
5.939678e+002,-6.341728e-002
5.958962e+002,6.317917e-002
5.978247e+002,2.111404e-001
5.997532e+002,3.516110e-001
6.016816e+002,4.618242e-001
6.036101e+002,5.292390e-001
6.055386e+002,5.528157e-001
6.074670e+002,5.413781e-001
6.093955e+002,5.097522e-001
6.113240e+002,4.738784e-001
6.132524e+002,4.462665e-001
6.151809e+002,4.329632e-001
6.171094e+002,4.327062e-001
6.190378e+002,4.383039e-001
6.209663e+002,4.396612e-001
6.228948e+002,4.274701e-001
6.248232e+002,3.964386e-001
6.267517e+002,3.471332e-001
6.286802e+002,2.859319e-001
6.306086e+002,2.231439e-001
6.325371e+002,1.698767e-001
6.344656e+002,1.345877e-001
6.363940e+002,1.203522e-001
6.383225e+002,1.236882e-001
6.402510e+002,1.353603e-001
6.421794e+002,1.430385e-001
6.441079e+002,1.351555e-001
6.460364e+002,1.049406e-001
6.479648e+002,5.348829e-002
6.498933e+002,-9.106988e-003
6.518218e+002,-6.506904e-002
6.537502e+002,-9.263189e-002
6.556787e+002,-7.139822e-002
6.576072e+002,1.183854e-002
6.595356e+002,1.582437e-001
6.614641e+002,3.543888e-001
6.633926e+002,5.728912e-001
6.653210e+002,7.764457e-001
6.672495e+002,9.246536e-001
6.691780e+002,9.823527e-001
6.711064e+002,9.276763e-001
6.730349e+002,7.580082e-001
6.749634e+002,4.923349e-001
6.768918e+002,1.692152e-001
6.788203e+002,-1.594777e-001
6.807488e+002,-4.379295e-001
6.826772e+002,-6.170200e-001
6.846057e+002,-6.639992e-001
6.865342e+002,-5.691206e-001
6.884626e+002,-3.477517e-001
6.903911e+002,-3.744067e-002
6.923196e+002,3.094815e-001
6.942480e+002,6.361977e-001
6.961765e+002,8.923990e-001
6.981050e+002,1.043623e+000
7.000334e+002,1.076983e+000
7.019619e+002,1.002161e+000
7.038904e+002,8.476366e-001
7.058188e+002,6.531765e-001
7.077473e+002,4.604379e-001
7.096758e+002,3.038898e-001
7.116042e+002,2.040838e-001
7.135327e+002,1.646647e-001
7.154612e+002,1.735591e-001
7.173896e+002,2.077643e-001
7.193181e+002,2.403299e-001
7.212466e+002,2.476785e-001
7.231750e+002,2.154469e-001
7.251035e+002,1.415067e-001
7.270320e+002,3.562141e-002
7.289604e+002,-8.392228e-002
7.308889e+002,-1.956188e-001
7.328174e+002,-2.804712e-001
7.347458e+002,-3.266171e-001
7.366743e+002,-3.317219e-001
7.386028e+002,-3.026688e-001
7.405313e+002,-2.528262e-001
7.424597e+002,-1.978052e-001
7.443882e+002,-1.509649e-001
7.463167e+002,-1.199193e-001
7.482451e+002,-1.049413e-001
7.501736e+002,-9.959503e-002
7.521021e+002,-9.328954e-002
7.540305e+002,-7.494038e-002
7.559590e+002,-3.666645e-002
7.578875e+002,2.350277e-002
7.598159e+002,1.006052e-001
7.617444e+002,1.836076e-001
7.636729e+002,2.578407e-001
7.656013e+002,3.082961e-001
7.675298e+002,3.229133e-001
7.694583e+002,2.950668e-001
7.713867e+002,2.247507e-001
7.733152e+002,1.183537e-001
7.752437e+002,-1.271750e-002
7.771721e+002,-1.540644e-001
7.791006e+002,-2.904206e-001
7.810291e+002,-4.074481e-001
7.829575e+002,-4.930142e-001
7.848860e+002,-5.380121e-001
7.868145e+002,-5.369469e-001
7.887429e+002,-4.885264e-001
7.906714e+002,-3.963591e-001
7.925999e+002,-2.696311e-001
7.945283e+002,-1.234078e-001
7.964568e+002,2.190992e-002
7.983853e+002,1.423718e-001
8.003137e+002,2.136413e-001
8.022422e+002,2.152428e-001
8.041707e+002,1.351760e-001
8.060991e+002,-2.615320e-002
8.080276e+002,-2.538064e-001
8.099561e+002,-5.188742e-001
8.118845e+002,-7.820854e-001
8.138130e+002,-1.000109e+000
8.157415e+002,-1.133484e+000
8.176699e+002,-1.154575e+000
8.195984e+002,-1.053806e+000
8.215269e+002,-8.426214e-001
8.234553e+002,-5.523379e-001
8.253838e+002,-2.288869e-001
8.273123e+002,7.557642e-002
8.292407e+002,3.124952e-001
8.311692e+002,4.460975e-001
8.330977e+002,4.600010e-001
8.350261e+002,3.598703e-001
8.369546e+002,1.716425e-001
8.388831e+002,-6.417558e-002
8.408115e+002,-3.007955e-001
8.427400e+002,-4.941871e-001
8.446685e+002,-6.109837e-001
8.465969e+002,-6.337515e-001
8.485254e+002,-5.628213e-001
8.504539e+002,-4.146909e-001
8.523823e+002,-2.177324e-001
8.543108e+002,-6.402905e-003
8.562393e+002,1.847296e-001
8.581677e+002,3.260363e-001
8.600962e+002,3.962854e-001
8.620247e+002,3.843376e-001
8.639531e+002,2.893326e-001
8.658816e+002,1.198400e-001
8.678101e+002,-1.075504e-001
8.697385e+002,-3.699060e-001
8.716670e+002,-6.398509e-001
8.735955e+002,-8.878412e-001
8.755239e+002,-1.085002e+000
8.774524e+002,-1.206573e+000
8.793809e+002,-1.235698e+000
8.813093e+002,-1.166958e+000
8.832378e+002,-1.008795e+000
8.851663e+002,-7.839466e-001
8.870947e+002,-5.272612e-001
8.890232e+002,-2.807960e-001
8.909517e+002,-8.674970e-002
8.928801e+002,2.056190e-002
8.948086e+002,2.204434e-002
8.967371e+002,-8.122724e-002
8.986655e+002,-2.668042e-001
9.005940e+002,-4.940237e-001
9.025225e+002,-7.111869e-001
9.044509e+002,-8.654712e-001
9.063794e+002,-9.135702e-001
9.083079e+002,-8.307967e-001
9.102363e+002,-6.166214e-001
9.121648e+002,-2.953719e-001
9.140933e+002,8.814518e-002
9.160217e+002,4.771959e-001
9.179502e+002,8.140179e-001
9.198787e+002,1.050728e+000
9.218071e+002,1.157938e+000
9.237356e+002,1.129329e+000
9.256641e+002,9.813969e-001
9.275925e+002,7.486797e-001
9.295210e+002,4.757603e-001
9.314495e+002,2.079827e-001
9.333779e+002,-1.703155e-002
9.353064e+002,-1.753274e-001
9.372349e+002,-2.590244e-001
9.391633e+002,-2.751071e-001
9.410918e+002,-2.413860e-001
9.430203e+002,-1.809946e-001
9.449487e+002,-1.169703e-001
9.468772e+002,-6.821271e-002
9.488057e+002,-4.753193e-002
9.507341e+002,-6.178166e-002
9.526626e+002,-1.134106e-001
9.545911e+002,-2.023900e-001
9.565195e+002,-3.274482e-001
9.584480e+002,-4.859040e-001
9.603765e+002,-6.719937e-001
9.623049e+002,-8.742606e-001
9.642334e+002,-1.073102e+000
9.661619e+002,-1.239759e+000
9.680903e+002,-1.337805e+000
9.700188e+002,-1.327611e+000
9.719473e+002,-1.173373e+000
9.738757e+002,-8.514851e-001
9.758042e+002,-3.583977e-001
9.777327e+002,2.840960e-001
9.796611e+002,1.027838e+000
9.815896e+002,1.802438e+000
9.835181e+002,2.524334e+000
9.854465e+002,3.109372e+000
9.873750e+002,3.486615e+000
9.893035e+002,3.610644e+000
9.912319e+002,3.469830e+000
9.931604e+002,3.088830e+000
9.950889e+002,2.524732e+000
9.970173e+002,1.857637e+000
9.989458e+002,1.177558e+000
1.000874e+003,5.702339e-001
1.002803e+003,1.045610e-001
1.004731e+003,-1.762058e-001
1.006660e+003,-2.582334e-001
1.008588e+003,-1.557950e-001
1.010517e+003,9.419903e-002
1.012445e+003,4.401905e-001
1.014374e+003,8.246551e-001
1.016302e+003,1.191916e+000
1.018230e+003,1.494138e+000
1.020159e+003,1.695272e+000
1.022087e+003,1.773257e+000
1.024016e+003,1.721104e+000
1.025944e+003,1.547319e+000
1.027873e+003,1.275813e+000
1.029801e+003,9.449042e-001
1.031730e+003,6.047354e-001
1.033658e+003,3.124051e-001
1.035587e+003,1.245553e-001
1.037515e+003,8.791709e-002
1.039444e+003,2.292396e-001
1.041372e+003,5.467629e-001
1.043301e+003,1.005674e+000
1.045229e+003,1.539589e+000
1.047157e+003,2.059015e+000
1.049086e+003,2.466181e+000
1.051014e+003,2.673880e+000
1.052943e+003,2.624627e+000
1.054871e+003,2.305764e+000
1.056800e+003,1.756593e+000
1.058728e+003,1.064998e+000
1.060657e+003,3.532904e-001
1.062585e+003,-2.445066e-001
1.064514e+003,-6.095394e-001
1.066442e+003,-6.634719e-001
1.068371e+003,-3.865976e-001
1.070299e+003,1.756506e-001
1.072228e+003,9.197196e-001
1.074156e+003,1.703424e+000
1.076084e+003,2.373998e+000
1.078013e+003,2.798814e+000
1.079941e+003,2.892159e+000
1.081870e+003,2.632345e+000
1.083798e+003,2.065519e+000
1.085727e+003,1.295533e+000
1.087655e+003,4.622929e-001
1.089584e+003,-2.865363e-001
1.091512e+003,-8.242996e-001
1.093441e+003,-1.068571e+000
1.095369e+003,-9.942848e-001
1.097298e+003,-6.346660e-001
1.099226e+003,-7.062717e-002
1.101155e+003,5.882972e-001
1.103083e+003,1.226819e+000
1.105011e+003,1.745528e+000
1.106940e+003,2.077000e+000
1.108868e+003,2.193752e+000
1.110797e+003,2.107459e+000
1.112725e+003,1.860806e+000
1.114654e+003,1.514716e+000
1.116582e+003,1.134303e+000
1.118511e+003,7.766290e-001
1.120439e+003,4.823978e-001
1.122368e+003,2.725172e-001
1.124296e+003,1.491885e-001
1.126225e+003,1.002880e-001
1.128153e+003,1.053770e-001
1.130082e+003,1.417413e-001
1.132010e+003,1.892885e-001
1.133938e+003,2.337296e-001
1.135867e+003,2.680177e-001
1.137795e+003,2.923752e-001
1.139724e+003,3.133582e-001
1.141652e+003,3.423193e-001
1.143581e+003,3.934538e-001
1.145509e+003,4.814692e-001
1.147438e+003,6.188945e-001
1.149366e+003,8.131585e-001
1.151295e+003,1.063792e+000
1.153223e+003,1.360301e+000
1.155152e+003,1.681366e+000
1.157080e+003,1.995893e+000
1.159009e+003,2.266150e+000
1.160937e+003,2.452749e+000
1.162865e+003,2.520735e+000
1.164794e+003,2.445703e+000
1.166722e+003,2.218690e+000
1.168651e+003,1.848806e+000
1.170579e+003,1.362943e+000
1.172508e+003,8.025621e-001
1.174436e+003,2.181299e-001
1.176365e+003,-3.377255e-001
1.178293e+003,-8.170677e-001
1.180222e+003,-1.182331e+000
1.182150e+003,-1.409992e+000
1.184079e+003,-1.491913e+000
1.186007e+003,-1.434533e+000
1.187936e+003,-1.256500e+000
1.189864e+003,-9.854538e-001
1.191792e+003,-6.546535e-001
1.193721e+003,-2.998879e-001
1.195649e+003,4.320692e-002
1.197578e+003,3.415315e-001
1.199506e+003,5.668395e-001
1.201435e+003,6.981391e-001
1.203363e+003,7.241154e-001
1.205292e+003,6.452321e-001
1.207220e+003,4.749545e-001
1.209149e+003,2.394744e-001
1.211077e+003,-2.451519e-002
1.213006e+003,-2.740877e-001
1.214934e+003,-4.659936e-001
1.216863e+003,-5.633396e-001
1.218791e+003,-5.418315e-001
1.220719e+003,-3.943081e-001
1.222648e+003,-1.325327e-001
1.224576e+003,2.142842e-001
1.226505e+003,6.040918e-001
1.228433e+003,9.889194e-001
1.230362e+003,1.322796e+000
1.232290e+003,1.569124e+000
1.234219e+003,1.706083e+000
1.236147e+003,1.729098e+000
1.238076e+003,1.650015e+000
1.240004e+003,1.493367e+000
1.241933e+003,1.290673e+000
1.243861e+003,1.074083e+000
1.245790e+003,8.707207e-001
1.247718e+003,6.987899e-001
1.249646e+003,5.660740e-001
1.251575e+003,4.708440e-001
1.253503e+003,4.046777e-001
1.255432e+003,3.563209e-001
1.257360e+003,3.155792e-001
1.259289e+003,2.763307e-001
1.261217e+003,2.380392e-001
1.263146e+003,2.055455e-001
1.265074e+003,1.873212e-001
1.267003e+003,1.926868e-001
1.268931e+003,2.286938e-001
1.270860e+003,2.973879e-001
1.272788e+003,3.940686e-001
1.274717e+003,5.069345e-001
1.276645e+003,6.182420e-001
1.278573e+003,7.068308e-001
1.280502e+003,7.516313e-001
1.282430e+003,7.355925e-001
1.284359e+003,6.493755e-001
1.286287e+003,4.941435e-001
1.288216e+003,2.828709e-001
1.290144e+003,3.977049e-002
1.292073e+003,-2.022910e-001
1.294001e+003,-4.061912e-001
1.295930e+003,-5.362224e-001
1.297858e+003,-5.641871e-001
1.299787e+003,-4.748820e-001
1.301715e+003,-2.699111e-001
1.303644e+003,3.104987e-002
1.305572e+003,3.920259e-001
1.307500e+003,7.655185e-001
1.309429e+003,1.099657e+000
1.311357e+003,1.346592e+000
1.313286e+003,1.470652e+000
1.315214e+003,1.454750e+000
1.317143e+003,1.303746e+000
1.319071e+003,1.044027e+000
1.321000e+003,7.192562e-001
1.322928e+003,3.829800e-001
1.324857e+003,8.941094e-002
1.326785e+003,-1.159303e-001
1.328714e+003,-2.039845e-001
1.330642e+003,-1.669139e-001
1.332571e+003,-1.900290e-002
1.334499e+003,2.064131e-001
1.336427e+003,4.633630e-001
1.338356e+003,7.017664e-001
1.340284e+003,8.764828e-001
1.342213e+003,9.552470e-001
1.344141e+003,9.241028e-001
1.346070e+003,7.894393e-001
1.347998e+003,5.763595e-001
1.349927e+003,3.237695e-001
1.351855e+003,7.713374e-002
1.353784e+003,-1.197749e-001
1.355712e+003,-2.326477e-001
1.357641e+003,-2.425643e-001
1.359569e+003,-1.490314e-001
1.361498e+003,3.038241e-002
1.363426e+003,2.637273e-001
1.365354e+003,5.109696e-001
1.367283e+003,7.317139e-001
1.369211e+003,8.928711e-001
1.371140e+003,9.747760e-001
1.373068e+003,9.745397e-001
1.374997e+003,9.059599e-001
1.376925e+003,7.960153e-001
1.378854e+003,6.786972e-001
1.380782e+003,5.875208e-001
1.382711e+003,5.483739e-001
1.384639e+003,5.742968e-001
1.386568e+003,6.633550e-001
1.388496e+003,8.000357e-001
1.390425e+003,9.597450e-001
1.392353e+003,1.115214e+000
1.394281e+003,1.243132e+000
1.396210e+003,1.329288e+000
1.398138e+003,1.370861e+000
1.400067e+003,1.375330e+000
1.401995e+003,1.356372e+000
1.403924e+003,1.328003e+000
1.405852e+003,1.298772e+000
1.407781e+003,1.267830e+000
1.409709e+003,1.224251e+000
1.411638e+003,1.150047e+000
1.413566e+003,1.026231e+000
1.415495e+003,8.403155e-001
1.417423e+003,5.930541e-001
1.419352e+003,3.022624e-001
1.421280e+003,2.195155e-003
1.423208e+003,-2.618972e-001
1.425137e+003,-4.430947e-001
1.427065e+003,-5.038884e-001
1.428994e+003,-4.262246e-001
1.430922e+003,-2.177455e-001
1.432851e+003,8.775511e-002
1.434779e+003,4.362786e-001
1.436708e+003,7.649708e-001
1.438636e+003,1.016408e+000
1.440565e+003,1.152441e+000
1.442493e+003,1.164113e+000
1.444422e+003,1.074937e+000
1.446350e+003,9.363154e-001
1.448279e+003,8.157458e-001
1.450207e+003,7.802634e-001
1.452135e+003,8.788481e-001
1.454064e+003,1.127964e+000
1.455992e+003,1.503853e+000
1.457921e+003,1.943792e+000
1.459849e+003,2.356531e+000
1.461778e+003,2.640035e+000
1.463706e+003,2.702914e+000
1.465635e+003,2.484955e+000
1.467563e+003,1.972231e+000
1.469492e+003,1.203302e+000
1.471420e+003,2.648589e-001
1.473349e+003,-7.225422e-001
1.475277e+003,-1.625945e+000
1.477206e+003,-2.324287e+000
1.479134e+003,-2.730531e+000
1.481063e+003,-2.807052e+000
1.482991e+003,-2.571073e+000
1.484919e+003,-2.089074e+000
1.486848e+003,-1.461438e+000
1.488776e+003,-8.006989e-001
1.490705e+003,-2.081316e-001
1.492633e+003,2.462188e-001
1.494562e+003,5.357550e-001
1.496490e+003,6.792112e-001
1.498419e+003,7.319528e-001
1.500347e+003,7.688629e-001
1.502276e+003,8.629205e-001
1.504204e+003,1.064611e+000
1.506133e+003,1.387148e+000
1.508061e+003,1.801168e+000
1.509990e+003,2.240336e+000
1.511918e+003,2.616720e+000
1.513846e+003,2.842381e+000
1.515775e+003,2.852060e+000
1.517703e+003,2.621425e+000
1.519632e+003,2.176274e+000
1.521560e+003,1.590169e+000
1.523489e+003,9.706606e-001
1.525417e+003,4.370543e-001
1.527346e+003,9.472409e-002
1.529274e+003,1.192485e-002
1.531203e+003,2.045492e-001
1.533131e+003,6.324538e-001
1.535060e+003,1.208274e+000
1.536988e+003,1.816687e+000
1.538917e+003,2.339630e+000
1.540845e+003,2.681582e+000
1.542773e+003,2.789089e+000
1.544702e+003,2.660156e+000
1.546630e+003,2.341644e+000
1.548559e+003,1.915698e+000
1.550487e+003,1.478847e+000
1.552416e+003,1.119021e+000
1.554344e+003,8.960517e-001
1.556273e+003,8.301148e-001
1.558201e+003,9.004334e-001
1.560130e+003,1.053917e+000
1.562058e+003,1.220975e+000
1.563987e+003,1.334128e+000
1.565915e+003,1.344592e+000
1.567844e+003,1.232860e+000
1.569772e+003,1.011078e+000
1.571700e+003,7.172808e-001
1.573629e+003,4.036618e-001
1.575557e+003,1.223963e-001
1.577486e+003,-8.705297e-002
1.579414e+003,-2.059820e-001
1.581343e+003,-2.381796e-001
1.583271e+003,-2.055557e-001
1.585200e+003,-1.395351e-001
1.587128e+003,-7.109249e-002
1.589057e+003,-2.241443e-002
1.590985e+003,-2.401964e-003
1.592914e+003,-6.861264e-003
1.594842e+003,-2.271053e-002
1.596771e+003,-3.431189e-002
1.598699e+003,-2.950895e-002
1.600627e+003,-3.219817e-003
1.602556e+003,4.258409e-002
1.604484e+003,1.023284e-001
1.606413e+003,1.722431e-001
1.608341e+003,2.554592e-001
1.610270e+003,3.645012e-001
1.612198e+003,5.196455e-001
1.614127e+003,7.429858e-001
1.616055e+003,1.049576e+000
1.617984e+003,1.438255e+000
1.619912e+003,1.885279e+000
1.621841e+003,2.343442e+000
1.623769e+003,2.748053e+000
1.625698e+003,3.029257e+000
1.627626e+003,3.128237e+000
1.629554e+003,3.013399e+000
1.631483e+003,2.692175e+000
1.633411e+003,2.214783e+000
1.635340e+003,1.668032e+000
1.637268e+003,1.159739e+000
1.639197e+003,7.967352e-001
1.641125e+003,6.613653e-001
1.643054e+003,7.920451e-001
1.644982e+003,1.172786e+000
1.646911e+003,1.734615e+000
1.648839e+003,2.369026e+000
1.650768e+003,2.950660e+000
1.652696e+003,3.364108e+000
1.654625e+003,3.528607e+000
1.656553e+003,3.414884e+000
1.658481e+003,3.050249e+000
1.660410e+003,2.510921e+000
1.662338e+003,1.903684e+000
1.664267e+003,1.341540e+000
1.666195e+003,9.193668e-001
1.668124e+003,6.954100e-001
1.670052e+003,6.827235e-001
1.671981e+003,8.519816e-001
1.673909e+003,1.144068e+000
1.675838e+003,1.488376e+000
1.677766e+003,1.821463e+000
1.679695e+003,2.100924e+000
1.681623e+003,2.311016e+000
1.683552e+003,2.459147e+000
1.685480e+003,2.565127e+000
1.687408e+003,2.647249e+000
1.689337e+003,2.710140e+000
1.691265e+003,2.738732e+000
1.693194e+003,2.700711e+000
1.695122e+003,2.557043e+000
1.697051e+003,2.277466e+000
1.698979e+003,1.855942e+000
1.700908e+003,1.320696e+000
1.702836e+003,7.346894e-001
1.704765e+003,1.850113e-001
1.706693e+003,-2.370411e-001
1.708622e+003,-4.603970e-001
1.710550e+003,-4.564971e-001
1.712479e+003,-2.526821e-001
1.714407e+003,6.822059e-002
1.716335e+003,3.836317e-001
1.718264e+003,5.597137e-001
1.720192e+003,4.863514e-001
1.722121e+003,1.100437e-001
1.724049e+003,-5.440661e-001
1.725978e+003,-1.367706e+000
1.727906e+003,-2.185277e+000
1.729835e+003,-2.787793e+000
1.731763e+003,-2.978196e+000
1.733692e+003,-2.618109e+000
1.735620e+003,-1.665176e+000
1.737549e+003,-1.918570e-001
1.739477e+003,1.619571e+000
1.741406e+003,3.505757e+000
1.743334e+003,5.169371e+000
1.745262e+003,6.334931e+000
1.747191e+003,6.801704e+000
1.749119e+003,6.482559e+000
1.751048e+003,5.420745e+000
1.752976e+003,3.781297e+000
1.754905e+003,1.819240e+000
1.756833e+003,-1.684574e-001
1.758762e+003,-1.897049e+000
1.760690e+003,-3.143335e+000
1.762619e+003,-3.780677e+000
1.764547e+003,-3.793697e+000
1.766476e+003,-3.271164e+000
1.768404e+003,-2.380090e+000
1.770333e+003,-1.327631e+000
1.772261e+003,-3.193012e-001
1.774189e+003,4.780310e-001
1.776118e+003,9.616253e-001
1.778046e+003,1.103130e+000
1.779975e+003,9.433317e-001
1.781903e+003,5.742730e-001
1.783832e+003,1.137922e-001
1.785760e+003,-3.215216e-001
1.787689e+003,-6.394047e-001
1.789617e+003,-7.869523e-001
1.791546e+003,-7.556773e-001
1.793474e+003,-5.768993e-001
1.795403e+003,-3.096693e-001
1.797331e+003,-2.463943e-002
1.799260e+003,2.123465e-001
1.801188e+003,3.535846e-001
1.803116e+003,3.774459e-001
1.805045e+003,2.899452e-001
1.806973e+003,1.203579e-001
1.808902e+003,-8.755949e-002
1.810830e+003,-2.864819e-001
1.812759e+003,-4.360844e-001
1.814687e+003,-5.110994e-001
1.816616e+003,-5.053811e-001
1.818544e+003,-4.314341e-001
1.820473e+003,-3.158475e-001
1.822401e+003,-1.919078e-001
1.824330e+003,-9.121049e-002
1.826258e+003,-3.621703e-002
1.828187e+003,-3.542415e-002
1.830115e+003,-8.216882e-002
1.832043e+003,-1.572265e-001
1.833972e+003,-2.344709e-001
1.835900e+003,-2.881407e-001
1.837829e+003,-2.998805e-001
1.839757e+003,-2.637796e-001
1.841686e+003,-1.881225e-001
1.843614e+003,-9.338211e-002
1.845543e+003,-6.926300e-003
1.847471e+003,4.423948e-002
1.849400e+003,4.084921e-002
1.851328e+003,-2.304929e-002
1.853257e+003,-1.378137e-001
1.855185e+003,-2.799164e-001
1.857114e+003,-4.173090e-001
1.859042e+003,-5.171742e-001
1.860970e+003,-5.541447e-001
1.862899e+003,-5.169033e-001
1.864827e+003,-4.114536e-001
1.866756e+003,-2.601507e-001
1.868684e+003,-9.665787e-002
1.870613e+003,4.198442e-002
1.872541e+003,1.242360e-001
1.874470e+003,1.316829e-001
1.876398e+003,6.351169e-002
1.878327e+003,-6.329195e-002
1.880255e+003,-2.180807e-001
1.882184e+003,-3.639951e-001
1.884112e+003,-4.668815e-001
1.886041e+003,-5.034833e-001
1.887969e+003,-4.668967e-001
1.889897e+003,-3.679892e-001
1.891826e+003,-2.324806e-001
1.893754e+003,-9.446541e-002
1.895683e+003,1.198589e-002
1.897611e+003,6.106920e-002
1.899540e+003,4.132963e-002
1.901468e+003,-4.184458e-002
1.903397e+003,-1.678389e-001
1.905325e+003,-3.060567e-001
1.907254e+003,-4.234374e-001
1.909182e+003,-4.923847e-001
1.911111e+003,-4.972008e-001
1.913039e+003,-4.375333e-001
1.914968e+003,-3.281058e-001
1.916896e+003,-1.949093e-001
1.918824e+003,-6.886387e-002
1.920753e+003,2.147741e-002
1.922681e+003,5.644690e-002
1.924610e+003,2.951006e-002
1.926538e+003,-5.165707e-002
1.928467e+003,-1.673927e-001
1.930395e+003,-2.909358e-001
1.932324e+003,-3.947455e-001
1.934252e+003,-4.567504e-001
1.936181e+003,-4.651009e-001
1.938109e+003,-4.204043e-001
1.940038e+003,-3.350419e-001
1.941966e+003,-2.298457e-001
1.943895e+003,-1.290097e-001
1.945823e+003,-5.446462e-002
1.947751e+003,-2.102385e-002
1.949680e+003,-3.337110e-002
1.951608e+003,-8.549910e-002
1.953537e+003,-1.626247e-001
1.955465e+003,-2.450362e-001
1.957394e+003,-3.129106e-001
1.959322e+003,-3.509484e-001
1.961251e+003,-3.517579e-001
1.963179e+003,-3.172510e-001
1.965108e+003,-2.577910e-001
1.967036e+003,-1.893754e-001
1.968965e+003,-1.295772e-001
1.970893e+003,-9.324703e-002
1.972822e+003,-8.900169e-002
1.974750e+003,-1.173128e-001
1.976678e+003,-1.706067e-001
1.978607e+003,-2.353024e-001
1.980535e+003,-2.952451e-001
1.982464e+003,-3.356805e-001
1.984392e+003,-3.468004e-001
1.986321e+003,-3.260166e-001
1.988249e+003,-2.784481e-001
1.990178e+003,-2.155477e-001
1.992106e+003,-1.522435e-001
1.994035e+003,-1.033195e-001
1.995963e+003,-7.992338e-002
1.997892e+003,-8.703071e-002
1.999820e+003,-1.224439e-001
2.001749e+003,-1.775115e-001
2.003677e+003,-2.393396e-001
2.005605e+003,-2.939138e-001
2.007534e+003,-3.293592e-001
2.009462e+003,-3.385626e-001
2.011391e+003,-3.205688e-001
2.013319e+003,-2.804842e-001
2.015248e+003,-2.279856e-001
2.017176e+003,-1.748602e-001
2.019105e+003,-1.322073e-001
2.021033e+003,-1.079752e-001
2.022962e+003,-1.053842e-001
2.024890e+003,-1.225478e-001
2.026819e+003,-1.532940e-001
2.028747e+003,-1.889167e-001
2.030676e+003,-2.203776e-001
2.032604e+003,-2.404174e-001
2.034532e+003,-2.450914e-001
2.036461e+003,-2.344150e-001
2.038389e+003,-2.120389e-001
2.040318e+003,-1.841019e-001
2.042246e+003,-1.575913e-001
2.044175e+003,-1.386292e-001
2.046103e+003,-1.310884e-001
2.048032e+003,-1.358373e-001
2.049960e+003,-1.507445e-001
2.051889e+003,-1.713882e-001
2.053817e+003,-1.922602e-001
2.055746e+003,-2.081480e-001
2.057674e+003,-2.153611e-001
2.059603e+003,-2.125249e-001
2.061531e+003,-2.007772e-001
2.063459e+003,-1.833564e-001
2.065388e+003,-1.647100e-001
2.067316e+003,-1.493605e-001
2.069245e+003,-1.408106e-001
2.071173e+003,-1.407478e-001
2.073102e+003,-1.487254e-001
2.075030e+003,-1.623728e-001
2.076959e+003,-1.780626e-001
2.078887e+003,-1.918444e-001
2.080816e+003,-2.004103e-001
2.082744e+003,-2.018492e-001
2.084673e+003,-1.960185e-001
2.086601e+003,-1.844637e-001
2.088530e+003,-1.699322e-001
2.090458e+003,-1.556308e-001
2.092386e+003,-1.444311e-001
2.094315e+003,-1.382233e-001
2.096243e+003,-1.375728e-001
2.098172e+003,-1.417335e-001
2.100100e+003,-1.489835e-001
2.102029e+003,-1.571595e-001
2.103957e+003,-1.642296e-001
2.105886e+003,-1.687517e-001
2.107814e+003,-1.701132e-001
2.109743e+003,-1.685213e-001
2.111671e+003,-1.647872e-001
2.113600e+003,-1.600016e-001
2.115528e+003,-1.552063e-001
2.117457e+003,-1.511602e-001
2.119385e+003,-1.482418e-001
2.121313e+003,-1.464830e-001
2.123242e+003,-1.456911e-001
2.125170e+003,-1.455878e-001
2.127099e+003,-1.459193e-001
2.129027e+003,-1.465002e-001
2.130956e+003,-1.472025e-001
2.132884e+003,-1.479193e-001
2.134813e+003,-1.485355e-001
2.136741e+003,-1.489323e-001
2.138670e+003,-1.490246e-001
2.140598e+003,-1.488051e-001
2.142527e+003,-1.483662e-001
2.144455e+003,-1.478704e-001
2.146384e+003,-1.474708e-001
2.148312e+003,-1.472100e-001
2.150240e+003,-1.469461e-001
2.152169e+003,-1.463528e-001
2.154097e+003,-1.450214e-001
2.156026e+003,-1.426414e-001
2.157954e+003,-1.392064e-001
2.159883e+003,-1.351545e-001
2.161811e+003,-1.313691e-001
2.163740e+003,-1.290009e-001
2.165668e+003,-1.291375e-001
2.167597e+003,-1.324159e-001
2.169525e+003,-1.387064e-001
2.171454e+003,-1.470006e-001
2.173382e+003,-1.555764e-001
2.175311e+003,-1.624258e-001
2.177239e+003,-1.658348e-001
2.179167e+003,-1.649355e-001
2.181096e+003,-1.600419e-001
2.183024e+003,-1.526305e-001
2.184953e+003,-1.449448e-001
2.186881e+003,-1.393243e-001
2.188810e+003,-1.374684e-001
2.190738e+003,-1.398797e-001
2.192667e+003,-1.456876e-001
2.194595e+003,-1.529310e-001
2.196524e+003,-1.592224e-001
2.198452e+003,-1.625749e-001
2.200381e+003,-1.621064e-001
2.202309e+003,-1.583626e-001
2.204238e+003,-1.531302e-001
2.206166e+003,-1.487889e-001
2.208094e+003,-1.474255e-001
2.210023e+003,-1.500320e-001
2.211951e+003,-1.560924e-001
2.213880e+003,-1.637323e-001
2.215808e+003,-1.703928e-001
2.217737e+003,-1.737912e-001
2.219665e+003,-1.727982e-001
2.221594e+003,-1.678762e-001
2.223522e+003,-1.608792e-001
2.225451e+003,-1.542572e-001
2.227379e+003,-1.499751e-001
2.229308e+003,-1.486002e-001
2.231236e+003,-1.490046e-001
2.233165e+003,-1.489123e-001
2.235093e+003,-1.461915e-001
2.237021e+003,-1.404336e-001
2.238950e+003,-1.341372e-001
2.240878e+003,-1.328365e-001
2.242807e+003,-1.437985e-001
2.244735e+003,-1.734278e-001
2.246664e+003,-2.240658e-001
2.248592e+003,-2.912888e-001
2.250521e+003,-3.628805e-001
2.252449e+003,-4.203097e-001
2.254378e+003,-4.428267e-001
2.256306e+003,-4.133853e-001
2.258235e+003,-3.248114e-001
2.260163e+003,-1.842394e-001
2.262092e+003,-1.405592e-002
2.264020e+003,1.515746e-001
2.265948e+003,2.742476e-001
2.267877e+003,3.212130e-001
2.269805e+003,2.749259e-001
2.271734e+003,1.393044e-001
2.273662e+003,-5.958958e-002
2.275591e+003,-2.792513e-001
2.277519e+003,-4.717016e-001
2.279448e+003,-5.968404e-001
2.281376e+003,-6.342583e-001
2.283305e+003,-5.896945e-001
2.285233e+003,-4.936815e-001
2.287162e+003,-3.922165e-001
2.289090e+003,-3.318766e-001
2.291019e+003,-3.438603e-001
2.292947e+003,-4.322397e-001
2.294875e+003,-5.708452e-001
2.296804e+003,-7.107760e-001
2.298732e+003,-7.971386e-001
2.300661e+003,-7.902718e-001
2.302589e+003,-6.845113e-001
2.304518e+003,-5.173618e-001
2.306446e+003,-3.640944e-001
2.308375e+003,-3.169000e-001
2.310303e+003,-4.527537e-001
2.312232e+003,-7.986071e-001
2.314160e+003,-1.304959e+000
2.316089e+003,-1.838198e+000
2.318017e+003,-2.198161e+000
2.319946e+003,-2.160813e+000
2.321874e+003,-1.538461e+000
2.323802e+003,-2.434954e-001
2.325731e+003,1.661648e+000
2.327659e+003,3.944566e+000
2.329588e+003,6.223470e+000
2.331516e+003,8.029489e+000
2.333445e+003,8.901087e+000
2.335373e+003,8.491580e+000
2.337302e+003,6.665150e+000
2.339230e+003,3.556965e+000
2.341159e+003,-4.206697e-001
2.343087e+003,-4.632900e+000
2.345016e+003,-8.330569e+000
2.346944e+003,-1.079203e+001
2.348873e+003,-1.146945e+001
2.350801e+003,-1.010791e+001
2.352729e+003,-6.810432e+000
2.354658e+003,-2.033021e+000
2.356586e+003,3.491071e+000
2.358515e+003,8.883215e+000
2.360443e+003,1.328053e+001
2.362372e+003,1.599317e+001
2.364300e+003,1.662575e+001
2.366229e+003,1.513926e+001
2.368157e+003,1.184313e+001
2.370086e+003,7.321879e+000
2.372014e+003,2.314647e+000
2.373943e+003,-2.425561e+000
2.375871e+003,-6.263616e+000
2.377800e+003,-8.779709e+000
2.379728e+003,-9.816576e+000
2.381656e+003,-9.472481e+000
2.383585e+003,-8.047642e+000
2.385513e+003,-5.960617e+000
2.387442e+003,-3.655391e+000
2.389370e+003,-1.519074e+000
2.391299e+003,1.749541e-001
2.393227e+003,1.291341e+000
2.395156e+003,1.825519e+000
2.397084e+003,1.872571e+000
2.399013e+003,1.583687e+000
2.400941e+003,1.122167e+000
2.402870e+003,6.285434e-001
2.404798e+003,2.002420e-001
2.406727e+003,-1.134828e-001
2.408655e+003,-3.043994e-001
2.410583e+003,-3.912315e-001
2.412512e+003,-4.043062e-001
2.414440e+003,-3.733098e-001
2.416369e+003,-3.204216e-001
2.418297e+003,-2.588570e-001
2.420226e+003,-1.951876e-001
2.422154e+003,-1.330839e-001
2.424083e+003,-7.635819e-002
2.426011e+003,-3.008276e-002
2.427940e+003,3.010124e-004
2.429868e+003,1.106572e-002
2.431797e+003,2.219570e-003
2.433725e+003,-2.162909e-002
2.435654e+003,-5.208438e-002
2.437582e+003,-7.924228e-002
2.439510e+003,-9.462796e-002
2.441439e+003,-9.372996e-002
2.443367e+003,-7.724198e-002
2.445296e+003,-5.059709e-002
2.447224e+003,-2.199809e-002
2.449153e+003,3.468014e-004
2.451081e+003,1.083207e-002
2.453010e+003,8.060594e-003
2.454938e+003,-5.019623e-003
2.456867e+003,-2.239392e-002
2.458795e+003,-3.715888e-002
2.460724e+003,-4.381840e-002
2.462652e+003,-3.993646e-002
2.464581e+003,-2.665574e-002
2.466509e+003,-8.000472e-003
2.468438e+003,1.070450e-002
2.470366e+003,2.470202e-002
2.472294e+003,3.131422e-002
2.474223e+003,3.062432e-002
2.476151e+003,2.517142e-002
2.478080e+003,1.884511e-002
2.480008e+003,1.541986e-002
2.481937e+003,1.725361e-002
2.483865e+003,2.457825e-002
2.485794e+003,3.557596e-002
2.487722e+003,4.715344e-002
2.489651e+003,5.609820e-002
2.491579e+003,6.019661e-002
2.493508e+003,5.893857e-002
2.495436e+003,5.360092e-002
2.497365e+003,4.672981e-002
2.499293e+003,4.123569e-002
2.501221e+003,3.943456e-002
2.503150e+003,4.235187e-002
2.505078e+003,4.949843e-002
2.507007e+003,5.914480e-002
2.508935e+003,6.896293e-002
2.510864e+003,7.678571e-002
2.512792e+003,8.122892e-002
2.514721e+003,8.198933e-002
2.516649e+003,7.976452e-002
2.518578e+003,7.587082e-002
2.520506e+003,7.173240e-002
2.522435e+003,6.843428e-002
2.524363e+003,6.648566e-002
2.526292e+003,6.584338e-002
2.528220e+003,6.614456e-002
2.530148e+003,6.702177e-002
2.532077e+003,6.835773e-002
2.534005e+003,7.037369e-002
2.535934e+003,7.352191e-002
2.537862e+003,7.823421e-002
2.539791e+003,8.464120e-002
2.541719e+003,9.238107e-002
2.543648e+003,1.005890e-001
2.545576e+003,1.080813e-001
2.547505e+003,1.136788e-001
2.549433e+003,1.165599e-001
2.551362e+003,1.165195e-001
2.553290e+003,1.140462e-001
2.555219e+003,1.101902e-001
2.557147e+003,1.062693e-001
2.559075e+003,1.035094e-001
2.561004e+003,1.027363e-001
2.562932e+003,1.042101e-001
2.564861e+003,1.076430e-001
2.566789e+003,1.123745e-001
2.568718e+003,1.176307e-001
2.570646e+003,1.227721e-001
2.572575e+003,1.274460e-001
2.574503e+003,1.316075e-001
2.576432e+003,1.354161e-001
2.578360e+003,1.390694e-001
2.580289e+003,1.426440e-001
2.582217e+003,1.460139e-001
2.584146e+003,1.488742e-001
2.586074e+003,1.508588e-001
2.588002e+003,1.517034e-001
2.589931e+003,1.513870e-001
2.591859e+003,1.501971e-001
2.593788e+003,1.486890e-001
2.595716e+003,1.475563e-001
2.597645e+003,1.474545e-001
2.599573e+003,1.488373e-001
2.601502e+003,1.518602e-001
2.603430e+003,1.563732e-001
2.605359e+003,1.619966e-001
2.607287e+003,1.682428e-001
2.609216e+003,1.746354e-001
2.611144e+003,1.807851e-001
2.613073e+003,1.864070e-001
2.615001e+003,1.912884e-001
2.616929e+003,1.952405e-001
2.618858e+003,1.980748e-001
2.620786e+003,1.996279e-001
2.622715e+003,1.998361e-001
2.624643e+003,1.988323e-001
2.626572e+003,1.970203e-001
2.628500e+003,1.950782e-001
2.630429e+003,1.938671e-001
2.632357e+003,1.942508e-001
2.634286e+003,1.968718e-001
2.636214e+003,2.019460e-001
2.638143e+003,2.091504e-001
2.640071e+003,2.176447e-001
2.642000e+003,2.262380e-001
2.643928e+003,2.336614e-001
2.645856e+003,2.388760e-001
2.647785e+003,2.413283e-001
2.649713e+003,2.410861e-001
2.651642e+003,2.388160e-001
2.653570e+003,2.356163e-001
2.655499e+003,2.327552e-001
2.657427e+003,2.313917e-001
2.659356e+003,2.323533e-001
2.661284e+003,2.360184e-001
2.663213e+003,2.423189e-001
2.665141e+003,2.508354e-001
2.667070e+003,2.609393e-001
2.668998e+003,2.719254e-001
2.670927e+003,2.831027e-001
2.672855e+003,2.938289e-001
2.674783e+003,3.035080e-001
2.676712e+003,3.115834e-001
2.678640e+003,3.175561e-001
2.680569e+003,3.210407e-001
2.682497e+003,3.218511e-001
2.684426e+003,3.200786e-001
2.686354e+003,3.161262e-001
2.688283e+003,3.106670e-001
2.690211e+003,3.045269e-001
2.692140e+003,2.985154e-001
2.694068e+003,2.932610e-001
2.695997e+003,2.891044e-001
2.697925e+003,2.860934e-001
2.699854e+003,2.840820e-001
2.701782e+003,2.829040e-001
2.703710e+003,2.825516e-001
2.705639e+003,2.832910e-001
2.707567e+003,2.856579e-001
2.709496e+003,2.903229e-001
2.711424e+003,2.978624e-001
2.713353e+003,3.085105e-001
2.715281e+003,3.219805e-001
2.717210e+003,3.374281e-001
2.719138e+003,3.535750e-001
2.721067e+003,3.689664e-001
2.722995e+003,3.822773e-001
2.724924e+003,3.925700e-001
2.726852e+003,3.994211e-001
2.728781e+003,4.028877e-001
2.730709e+003,4.033401e-001
2.732637e+003,4.012478e-001
2.734566e+003,3.970187e-001
2.736494e+003,3.909703e-001
2.738423e+003,3.834505e-001
2.740351e+003,3.750528e-001
2.742280e+003,3.668088e-001
2.744208e+003,3.602279e-001
2.746137e+003,3.570940e-001
2.748065e+003,3.590238e-001
2.749994e+003,3.668879e-001
2.751922e+003,3.802992e-001
2.753851e+003,3.973804e-001
2.755779e+003,4.149801e-001
2.757708e+003,4.293567e-001
2.759636e+003,4.371980e-001
2.761564e+003,4.366792e-001
2.763493e+003,4.282054e-001
2.765421e+003,4.145275e-001
2.767350e+003,4.001007e-001
2.769278e+003,3.897955e-001
2.771207e+003,3.873212e-001
2.773135e+003,3.938784e-001
2.775064e+003,4.075479e-001
2.776992e+003,4.237390e-001
2.778921e+003,4.366778e-001
2.780849e+003,4.415454e-001
2.782778e+003,4.365666e-001
2.784706e+003,4.242605e-001
2.786635e+003,4.112299e-001
2.788563e+003,4.062924e-001
2.790491e+003,4.173283e-001
2.792420e+003,4.477507e-001
2.794348e+003,4.938308e-001
2.796277e+003,5.440496e-001
2.798205e+003,5.811782e-001
2.800134e+003,5.869906e-001
2.802062e+003,5.485849e-001
2.803991e+003,4.645328e-001
2.805919e+003,3.487529e-001
2.807848e+003,2.303050e-001
2.809776e+003,1.482332e-001
2.811705e+003,1.419561e-001
2.813633e+003,2.391819e-001
2.815562e+003,4.444487e-001
2.817490e+003,7.318018e-001
2.819418e+003,1.044544e+000
2.821347e+003,1.303509e+000
2.823275e+003,1.423142e+000
2.825204e+003,1.332427e+000
2.827132e+003,9.959185e-001
2.829061e+003,4.294209e-001
2.830989e+003,-2.944686e-001
2.832918e+003,-1.053760e+000
2.834846e+003,-1.697244e+000
2.836775e+003,-2.074048e+000
2.838703e+003,-2.066535e+000
2.840632e+003,-1.619106e+000
2.842560e+003,-7.558436e-001
2.844489e+003,4.178910e-001
2.846417e+003,1.731344e+000
2.848345e+003,2.979113e+000
2.850274e+003,3.960533e+000
2.852202e+003,4.519239e+000
2.854131e+003,4.574168e+000
2.856059e+003,4.135024e+000
2.857988e+003,3.298749e+000
2.859916e+003,2.227877e+000
2.861845e+003,1.115799e+000
2.863773e+003,1.469285e-001
2.865702e+003,-5.392280e-001
2.867630e+003,-8.722512e-001
2.869559e+003,-8.583848e-001
2.871487e+003,-5.707429e-001
2.873416e+003,-1.255314e-001
2.875344e+003,3.491752e-001
2.877272e+003,7.441307e-001
2.879201e+003,9.917070e-001
2.881129e+003,1.075821e+000
2.883058e+003,1.027573e+000
2.884986e+003,9.088925e-001
2.886915e+003,7.894712e-001
2.888843e+003,7.236792e-001
2.890772e+003,7.338466e-001
2.892700e+003,8.042730e-001
2.894629e+003,8.872796e-001
2.896557e+003,9.193186e-001
2.898486e+003,8.424995e-001
2.900414e+003,6.255152e-001
2.902343e+003,2.781646e-001
2.904271e+003,-1.446217e-001
2.906199e+003,-5.506623e-001
2.908128e+003,-8.287221e-001
2.910056e+003,-8.729101e-001
2.911985e+003,-6.076794e-001
2.913913e+003,-7.704749e-003
2.915842e+003,8.918771e-001
2.917770e+003,1.997219e+000
2.919699e+003,3.169238e+000
2.921627e+003,4.246131e+000
2.923556e+003,5.070494e+000
2.925484e+003,5.515882e+000
2.927413e+003,5.507990e+000
2.929341e+003,5.036849e+000
2.931270e+003,4.158273e+000
2.933198e+003,2.984766e+000
2.935126e+003,1.667828e+000
2.937055e+003,3.749252e-001
2.938983e+003,-7.350579e-001
2.940912e+003,-1.534068e+000
2.942840e+003,-1.941645e+000
2.944769e+003,-1.934031e+000
2.946697e+003,-1.544677e+000
2.948626e+003,-8.565075e-001
2.950554e+003,1.257772e-002
2.952483e+003,9.285534e-001
2.954411e+003,1.761518e+000
2.956340e+003,2.404258e+000
2.958268e+003,2.786370e+000
2.960197e+003,2.881885e+000
2.962125e+003,2.709463e+000
2.964053e+003,2.325401e+000
2.965982e+003,1.810959e+000
2.967910e+003,1.256447e+000
2.969839e+003,7.450495e-001
2.971767e+003,3.393395e-001
2.973696e+003,7.282254e-002
2.975624e+003,-5.218840e-002
2.977553e+003,-6.039102e-002
2.979481e+003,5.707040e-003
2.981410e+003,9.773299e-002
2.983338e+003,1.733944e-001
2.985267e+003,2.058249e-001
2.987195e+003,1.884338e-001
2.989124e+003,1.344653e-001
2.991052e+003,7.171030e-002
2.992980e+003,3.390061e-002
2.994909e+003,5.100976e-002
2.996837e+003,1.408271e-001
2.998766e+003,3.037791e-001
3.000694e+003,5.221171e-001
3.002623e+003,7.635334e-001
3.004551e+003,9.882227e-001
3.006480e+003,1.157650e+000
3.008408e+003,1.242962e+000
3.010337e+003,1.231137e+000
3.012265e+003,1.127568e+000
3.014194e+003,9.546295e-001
3.016122e+003,7.467037e-001
3.018051e+003,5.428936e-001
3.019979e+003,3.791089e-001
3.021907e+003,2.812386e-001
3.023836e+003,2.607957e-001
3.025764e+003,3.137893e-001
3.027693e+003,4.228351e-001
3.029621e+003,5.618191e-001
3.031550e+003,7.019336e-001
3.033478e+003,8.177084e-001
3.035407e+003,8.917709e-001
3.037335e+003,9.174563e-001
3.039264e+003,8.989252e-001
3.041192e+003,8.490129e-001
3.043121e+003,7.855000e-001
3.045049e+003,7.267681e-001
3.046978e+003,6.878332e-001
3.048906e+003,6.775689e-001
3.050834e+003,6.975802e-001
3.052763e+003,7.427781e-001
3.054691e+003,8.033232e-001
3.056620e+003,8.673454e-001
3.058548e+003,9.237385e-001
3.060477e+003,9.644024e-001
3.062405e+003,9.855069e-001
3.064334e+003,9.876274e-001
3.066262e+003,9.748833e-001
3.068191e+003,9.534215e-001
3.070119e+003,9.296956e-001
3.072048e+003,9.089721e-001
3.073976e+003,8.943843e-001
3.075905e+003,8.866664e-001
3.077833e+003,8.845192e-001
3.079761e+003,8.854105e-001
3.081690e+003,8.865278e-001
3.083618e+003,8.856161e-001
3.085547e+003,8.815004e-001
3.087475e+003,8.742154e-001
3.089404e+003,8.647745e-001
3.091332e+003,8.547148e-001
3.093261e+003,8.455810e-001
3.095189e+003,8.385112e-001
3.097118e+003,8.340214e-001
3.099046e+003,8.320155e-001
3.100975e+003,8.319716e-001
3.102903e+003,8.332136e-001
3.104832e+003,8.351617e-001
3.106760e+003,8.374847e-001
3.108688e+003,8.401214e-001
3.110617e+003,8.431875e-001
3.112545e+003,8.468264e-001
3.114474e+003,8.510734e-001
3.116402e+003,8.557903e-001
3.118331e+003,8.606985e-001
3.120259e+003,8.654950e-001
3.122188e+003,8.700063e-001
3.124116e+003,8.743157e-001
3.126045e+003,8.788134e-001
3.127973e+003,8.841374e-001
3.129902e+003,8.910116e-001
3.131830e+003,9.000281e-001
3.133759e+003,9.114311e-001
3.135687e+003,9.249712e-001
3.137615e+003,9.398804e-001
3.139544e+003,9.549809e-001
3.141472e+003,9.689140e-001
3.143401e+003,9.804319e-001
3.145329e+003,9.886905e-001
3.147258e+003,9.934673e-001
3.149186e+003,9.952540e-001
3.151115e+003,9.951977e-001
3.153043e+003,9.949000e-001
3.154972e+003,9.961084e-001
3.156900e+003,1.000366e+000
3.158829e+003,1.008685e+000
3.160757e+003,1.021314e+000
3.162686e+003,1.037646e+000
3.164614e+003,1.056297e+000
3.166542e+003,1.075346e+000
3.168471e+003,1.092699e+000
3.170399e+003,1.106520e+000
3.172328e+003,1.115634e+000
3.174256e+003,1.119829e+000
3.176185e+003,1.119964e+000
3.178113e+003,1.117862e+000
3.180042e+003,1.115960e+000
3.181970e+003,1.116786e+000
3.183899e+003,1.122361e+000
3.185827e+003,1.133640e+000
3.187756e+003,1.150158e+000
3.189684e+003,1.169968e+000
3.191613e+003,1.189939e+000
3.193541e+003,1.206380e+000
3.195469e+003,1.215877e+000
3.197398e+003,1.216164e+000
3.199326e+003,1.206818e+000
3.201255e+003,1.189585e+000
3.203183e+003,1.168210e+000
3.205112e+003,1.147765e+000
3.207040e+003,1.133579e+000
3.208969e+003,1.130011e+000
3.210897e+003,1.139323e+000
3.212826e+003,1.160972e+000
3.214754e+003,1.191492e+000
3.216683e+003,1.225078e+000
3.218611e+003,1.254753e+000
3.220540e+003,1.273886e+000
3.222468e+003,1.277729e+000
3.224396e+003,1.264578e+000
3.226325e+003,1.236293e+000
3.228253e+003,1.198005e+000
3.230182e+003,1.157061e+000
3.232110e+003,1.121437e+000
3.234039e+003,1.098000e+000
3.235967e+003,1.091014e+000
3.237896e+003,1.101272e+000
3.239824e+003,1.126056e+000
3.241753e+003,1.159931e+000
3.243681e+003,1.196162e+000
3.245610e+003,1.228401e+000
3.247538e+003,1.252194e+000
3.249467e+003,1.265941e+000
3.251395e+003,1.271071e+000
3.253323e+003,1.271399e+000
3.255252e+003,1.271867e+000
3.257180e+003,1.277033e+000
3.259109e+003,1.289720e+000
3.261037e+003,1.310208e+000
3.262966e+003,1.336181e+000
3.264894e+003,1.363447e+000
3.266823e+003,1.387198e+000
3.268751e+003,1.403453e+000
3.270680e+003,1.410249e+000
3.272608e+003,1.408244e+000
3.274537e+003,1.400513e+000
3.276465e+003,1.391626e+000
3.278394e+003,1.386233e+000
3.280322e+003,1.387587e+000
3.282250e+003,1.396441e+000
3.284179e+003,1.410663e+000
3.286107e+003,1.425719e+000
3.288036e+003,1.435911e+000
3.289964e+003,1.436058e+000
3.291893e+003,1.423130e+000
3.293821e+003,1.397369e+000
3.295750e+003,1.362542e+000
3.297678e+003,1.325196e+000
3.299607e+003,1.293086e+000
3.301535e+003,1.273157e+000
3.303464e+003,1.269634e+000
3.305392e+003,1.282750e+000
3.307321e+003,1.308489e+000
3.309249e+003,1.339463e+000
3.311177e+003,1.366745e+000
3.313106e+003,1.382181e+000
3.315034e+003,1.380592e+000
3.316963e+003,1.361271e+000
3.318891e+003,1.328334e+000
3.320820e+003,1.289813e+000
3.322748e+003,1.255674e+000
3.324677e+003,1.235250e+000
3.326605e+003,1.234756e+000
3.328534e+003,1.255524e+000
3.330462e+003,1.293449e+000
3.332391e+003,1.339799e+000
3.334319e+003,1.383233e+000
3.336248e+003,1.412519e+000
3.338176e+003,1.419286e+000
3.340104e+003,1.400132e+000
3.342033e+003,1.357546e+000
3.343961e+003,1.299445e+000
3.345890e+003,1.237417e+000
3.347818e+003,1.184136e+000
3.349747e+003,1.150555e+000
3.351675e+003,1.143544e+000
3.353604e+003,1.164504e+000
3.355532e+003,1.209219e+000
3.357461e+003,1.268905e+000
3.359389e+003,1.332136e+000
3.361318e+003,1.387172e+000
3.363246e+003,1.424132e+000
3.365175e+003,1.436605e+000
3.367103e+003,1.422459e+000
3.369031e+003,1.383802e+000
3.370960e+003,1.326298e+000
3.372888e+003,1.258062e+000
3.374817e+003,1.188433e+000
3.376745e+003,1.126791e+000
3.378674e+003,1.081520e+000
3.380602e+003,1.059097e+000
3.382531e+003,1.063292e+000
3.384459e+003,1.094467e+000
3.386388e+003,1.149094e+000
3.388316e+003,1.219658e+000
3.390245e+003,1.295185e+000
3.392173e+003,1.362536e+000
3.394102e+003,1.408472e+000
3.396030e+003,1.422217e+000
3.397958e+003,1.398050e+000
3.399887e+003,1.337275e+000
3.401815e+003,1.248933e+000
3.403744e+003,1.148854e+000
3.405672e+003,1.056967e+000
3.407601e+003,9.933046e-001
3.409529e+003,9.734861e-001
3.411458e+003,1.004767e+000
3.413386e+003,1.083684e+000
3.415315e+003,1.196031e+000
3.417243e+003,1.319360e+000
3.419172e+003,1.427587e+000
3.421100e+003,1.496666e+000
3.423029e+003,1.510039e+000
3.424957e+003,1.462504e+000
3.426885e+003,1.361546e+000
3.428814e+003,1.225789e+000
3.430742e+003,1.080933e+000
3.432671e+003,9.541781e-001
3.434599e+003,8.684934e-001
3.436528e+003,8.380718e-001
3.438456e+003,8.659607e-001
3.440385e+003,9.442484e-001
3.442313e+003,1.056525e+000
3.444242e+003,1.181803e+000
3.446170e+003,1.298805e+000
3.448099e+003,1.389621e+000
3.450027e+003,1.442044e+000
3.451956e+003,1.450415e+000
3.453884e+003,1.415230e+000
3.455813e+003,1.342057e+000
3.457741e+003,1.240322e+000
3.459669e+003,1.122296e+000
3.461598e+003,1.002303e+000
3.463526e+003,8.958515e-001
3.465455e+003,8.182902e-001
3.467383e+003,7.827347e-001
3.469312e+003,7.973737e-001
3.471240e+003,8.627139e-001
3.473169e+003,9.696736e-001
3.475097e+003,1.099494e+000
3.477026e+003,1.226120e+000
3.478954e+003,1.321045e+000
3.480883e+003,1.359804e+000
3.482811e+003,1.328558e+000
3.484740e+003,1.228888e+000
3.486668e+003,1.079098e+000
3.488596e+003,9.111491e-001
3.490525e+003,7.635129e-001
3.492453e+003,6.714979e-001
3.494382e+003,6.575651e-001
3.496310e+003,7.244147e-001
3.498239e+003,8.530916e-001
3.500167e+003,1.007081e+000
3.502096e+003,1.141666e+000
3.504024e+003,1.216210e+000
3.505953e+003,1.205957e+000
3.507881e+003,1.109890e+000
3.509810e+003,9.520748e-001
3.511738e+003,7.757574e-001
3.513667e+003,6.315507e-001
3.515595e+003,5.629194e-001
3.517523e+003,5.931267e-001
3.519452e+003,7.175854e-001
3.521380e+003,9.041224e-001
3.523309e+003,1.101399e+000
3.525237e+003,1.253304e+000
3.527166e+003,1.315237e+000
3.529094e+003,1.267495e+000
3.531023e+003,1.121640e+000
3.532951e+003,9.177298e-001
3.534880e+003,7.129358e-001
3.536808e+003,5.647315e-001
3.538737e+003,5.135449e-001
3.540665e+003,5.701086e-001
3.542594e+003,7.114695e-001
3.544522e+003,8.871320e-001
3.546450e+003,1.033790e+000
3.548379e+003,1.094464e+000
3.550307e+003,1.036425e+000
3.552236e+003,8.624671e-001
3.554164e+003,6.119645e-001
3.556093e+003,3.510602e-001
3.558021e+003,1.545651e-001
3.559950e+003,8.462393e-002
3.561878e+003,1.722592e-001
3.563807e+003,4.071548e-001
3.565735e+003,7.387375e-001
3.567664e+003,1.088392e+000
3.569592e+003,1.369489e+000
3.571521e+003,1.509701e+000
3.573449e+003,1.469520e+000
3.575377e+003,1.252033e+000
3.577306e+003,9.015598e-001
3.579234e+003,4.919305e-001
3.581163e+003,1.079218e-001
3.583091e+003,-1.749061e-001
3.585020e+003,-3.066856e-001
3.586948e+003,-2.721514e-001
3.588877e+003,-9.052467e-002
3.590805e+003,1.924596e-001
3.592734e+003,5.172197e-001
3.594662e+003,8.236888e-001
3.596591e+003,1.061876e+000
3.598519e+003,1.197672e+000
3.600448e+003,1.213866e+000
3.602376e+003,1.108009e+000
3.604304e+003,8.894587e-001
3.606233e+003,5.775993e-001
3.608161e+003,2.019850e-001
3.610090e+003,-1.964722e-001
3.612018e+003,-5.653653e-001
3.613947e+003,-8.441068e-001
3.615875e+003,-9.722052e-001
3.617804e+003,-9.021484e-001
3.619732e+003,-6.143084e-001
3.621661e+003,-1.295399e-001
3.623589e+003,4.853840e-001
3.625518e+003,1.123223e+000
3.627446e+003,1.653702e+000
3.629375e+003,1.950488e+000
3.631303e+003,1.921977e+000
3.633231e+003,1.538033e+000
3.635160e+003,8.448775e-001
3.637088e+003,-3.739006e-002
3.639017e+003,-9.359751e-001
3.640945e+003,-1.661633e+000
3.642874e+003,-2.051930e+000
3.644802e+003,-2.011002e+000
3.646731e+003,-1.535456e+000
3.648659e+003,-7.191663e-001
3.650588e+003,2.651915e-001
3.652516e+003,1.204053e+000
3.654445e+003,1.891424e+000
3.656373e+003,2.176102e+000
3.658302e+003,1.996064e+000
3.660230e+003,1.391629e+000
3.662158e+003,4.944109e-001
3.664087e+003,-5.048070e-001
3.666015e+003,-1.400925e+000
3.667944e+003,-2.020822e+000
3.669872e+003,-2.259881e+000
3.671801e+003,-2.100485e+000
3.673729e+003,-1.609173e+000
3.675658e+003,-9.146789e-001
3.677586e+003,-1.736745e-001
3.679515e+003,4.664090e-001
3.681443e+003,8.982325e-001
3.683372e+003,1.072314e+000
3.685300e+003,9.989911e-001
3.687229e+003,7.362108e-001
3.689157e+003,3.682264e-001
3.691085e+003,-1.805946e-002
3.693014e+003,-3.527173e-001
3.694942e+003,-5.940714e-001
3.696871e+003,-7.303137e-001
3.698799e+003,-7.730616e-001
3.700728e+003,-7.464710e-001
3.702656e+003,-6.761503e-001
3.704585e+003,-5.813379e-001
3.706513e+003,-4.720814e-001
3.708442e+003,-3.511544e-001
3.710370e+003,-2.188489e-001
3.712299e+003,-7.809050e-002
3.714227e+003,6.237268e-002
3.716156e+003,1.878813e-001
3.718084e+003,2.806813e-001
3.720012e+003,3.243379e-001
3.721941e+003,3.079461e-001
3.723869e+003,2.286144e-001
3.725798e+003,9.155460e-002
3.727726e+003,-9.184989e-002
3.729655e+003,-3.068282e-001
3.731583e+003,-5.374606e-001
3.733512e+003,-7.674177e-001
3.735440e+003,-9.791367e-001
3.737369e+003,-1.152349e+000
3.739297e+003,-1.263487e+000
3.741226e+003,-1.287436e+000
3.743154e+003,-1.202297e+000
3.745083e+003,-9.965386e-001
3.747011e+003,-6.765936e-001
3.748939e+003,-2.721111e-001
3.750868e+003,1.638441e-001
3.752796e+003,5.612485e-001
3.754725e+003,8.459615e-001
3.756653e+003,9.565247e-001
3.758582e+003,8.608010e-001
3.760510e+003,5.676908e-001
3.762439e+003,1.299251e-001
3.764367e+003,-3.640064e-001
3.766296e+003,-8.078480e-001
3.768224e+003,-1.101671e+000
3.770153e+003,-1.176216e+000
3.772081e+003,-1.011105e+000
3.774010e+003,-6.418079e-001
3.775938e+003,-1.529639e-001
3.777866e+003,3.407806e-001
3.779795e+003,7.219043e-001
3.781723e+003,8.983686e-001
3.783652e+003,8.259788e-001
3.785580e+003,5.190122e-001
3.787509e+003,4.639522e-002
3.789437e+003,-4.855235e-001
3.791366e+003,-9.590954e-001
3.793294e+003,-1.273642e+000
3.795223e+003,-1.368712e+000
3.797151e+003,-1.236657e+000
3.799080e+003,-9.217796e-001
3.801008e+003,-5.068749e-001
3.802937e+003,-9.117445e-002
3.804865e+003,2.343020e-001
3.806793e+003,4.076605e-001
3.808722e+003,4.083405e-001
3.810650e+003,2.582131e-001
3.812579e+003,1.218746e-002
3.814507e+003,-2.584240e-001
3.816436e+003,-4.849556e-001
3.818364e+003,-6.178470e-001
3.820293e+003,-6.366493e-001
3.822221e+003,-5.517473e-001
3.824150e+003,-3.982810e-001
3.826078e+003,-2.246630e-001
3.828007e+003,-7.918001e-002
3.829935e+003,1.796949e-003
3.831864e+003,1.322595e-003
3.833792e+003,-7.613037e-002
3.835720e+003,-2.079168e-001
3.837649e+003,-3.602130e-001
3.839577e+003,-4.966396e-001
3.841506e+003,-5.863953e-001
3.843434e+003,-6.102865e-001
3.845363e+003,-5.637898e-001
3.847291e+003,-4.570442e-001
3.849220e+003,-3.122121e-001
3.851148e+003,-1.589630e-001
3.853077e+003,-2.890350e-002
3.855005e+003,5.025607e-002
3.856934e+003,6.004228e-002
3.858862e+003,-4.683913e-003
3.860791e+003,-1.336326e-001
3.862719e+003,-3.016526e-001
3.864647e+003,-4.723542e-001
3.866576e+003,-6.046371e-001
3.868504e+003,-6.612791e-001
3.870433e+003,-6.180038e-001
3.872361e+003,-4.709547e-001
3.874290e+003,-2.404568e-001
3.876218e+003,3.051101e-002
3.878147e+003,2.835863e-001
3.880075e+003,4.570595e-001
3.882004e+003,5.002744e-001
3.883932e+003,3.870361e-001
3.885861e+003,1.244974e-001
3.887789e+003,-2.452190e-001
3.889718e+003,-6.518009e-001
3.891646e+003,-1.010972e+000
3.893574e+003,-1.243196e+000
3.895503e+003,-1.292510e+000
3.897431e+003,-1.140785e+000
3.899360e+003,-8.136394e-001
3.901288e+003,-3.761347e-001
3.903217e+003,8.109262e-002
3.905145e+003,4.621438e-001
3.907074e+003,6.877958e-001
3.909002e+003,7.137108e-001
3.910931e+003,5.404310e-001
3.912859e+003,2.126794e-001
3.914788e+003,-1.918238e-001
3.916716e+003,-5.812005e-001
3.918645e+003,-8.711851e-001
3.920573e+003,-1.004438e+000
3.922501e+003,-9.627296e-001
3.924430e+003,-7.692432e-001
3.926358e+003,-4.807815e-001
3.928287e+003,-1.722315e-001
3.930215e+003,8.251960e-002
3.932144e+003,2.283056e-001
3.934072e+003,2.407085e-001
3.936001e+003,1.297228e-001
3.937929e+003,-6.534059e-002
3.939858e+003,-2.878639e-001
3.941786e+003,-4.793482e-001
3.943715e+003,-5.941191e-001
3.945643e+003,-6.096450e-001
3.947572e+003,-5.301896e-001
3.949500e+003,-3.834029e-001
3.951428e+003,-2.113045e-001
3.953357e+003,-5.843953e-002
3.955285e+003,3.951532e-002
3.957214e+003,6.382103e-002
3.959142e+003,1.566828e-002
3.961071e+003,-8.618000e-002
3.962999e+003,-2.119479e-001
3.964928e+003,-3.294827e-001
3.966856e+003,-4.125188e-001
3.968785e+003,-4.464818e-001
3.970713e+003,-4.306220e-001
3.972642e+003,-3.763658e-001
3.974570e+003,-3.027879e-001
3.976499e+003,-2.307553e-001
3.978427e+003,-1.774477e-001
3.980355e+003,-1.526374e-001
3.982284e+003,-1.574525e-001
3.984212e+003,-1.855759e-001
3.986141e+003,-2.261811e-001
3.988069e+003,-2.675378e-001
3.989998e+003,-3.001970e-001
3.991926e+003,-3.189595e-001
3.993855e+003,-3.233021e-001
3.995783e+003,-3.164275e-001
3.997712e+003,-3.034745e-001
3.999640e+003,0.000000e+000
4.001569e+003,0.000000e+000
