3.991926e+002,-1.683476e-001
4.011211e+002,-3.260731e-001
4.030496e+002,-2.961518e-001
4.049780e+002,-2.523040e-001
4.069065e+002,-2.020603e-001
4.088350e+002,-1.533730e-001
4.107634e+002,-1.128600e-001
4.126919e+002,-8.447532e-002
4.146204e+002,-6.891906e-002
4.165488e+002,-6.389012e-002
4.184773e+002,-6.505635e-002
4.204058e+002,-6.743335e-002
4.223342e+002,-6.677545e-002
4.242627e+002,-6.061249e-002
4.261912e+002,-4.868900e-002
4.281196e+002,-3.275361e-002
4.300481e+002,-1.582463e-002
4.319766e+002,-1.194979e-003
4.339050e+002,8.519944e-003
4.358335e+002,1.202939e-002
4.377620e+002,9.571617e-003
4.396904e+002,2.675101e-003
4.416189e+002,-6.390668e-003
4.435474e+002,-1.527189e-002
4.454758e+002,-2.208713e-002
4.474043e+002,-2.573952e-002
4.493328e+002,-2.593590e-002
4.512612e+002,-2.296415e-002
4.531897e+002,-1.735236e-002
4.551182e+002,-9.549816e-003
4.570466e+002,2.565027e-004
4.589751e+002,1.214383e-002
4.609036e+002,2.629814e-002
4.628320e+002,4.278388e-002
4.647605e+002,6.134250e-002
4.666890e+002,8.130215e-002
4.686174e+002,1.016381e-001
4.705459e+002,1.211617e-001
4.724744e+002,1.387706e-001
4.744028e+002,1.536744e-001
4.763313e+002,1.655211e-001
4.782598e+002,1.743882e-001
4.801882e+002,1.806501e-001
4.821167e+002,1.847813e-001
4.840452e+002,1.871664e-001
4.859736e+002,1.879882e-001
4.879021e+002,1.872319e-001
4.898306e+002,1.848009e-001
4.917590e+002,1.806982e-001
4.936875e+002,1.752068e-001
4.956160e+002,1.690033e-001
4.975444e+002,1.631563e-001
4.994729e+002,1.590043e-001
5.014014e+002,1.579397e-001
5.033298e+002,1.611563e-001
5.052583e+002,1.694218e-001
5.071868e+002,1.829304e-001
5.091152e+002,2.012624e-001
5.110437e+002,2.234492e-001
5.129722e+002,2.481171e-001
5.149006e+002,2.736708e-001
5.168291e+002,2.984768e-001
5.187576e+002,3.210185e-001
5.206860e+002,3.400130e-001
5.226145e+002,3.544898e-001
5.245430e+002,3.638419e-001
5.264714e+002,3.678576e-001
5.283999e+002,3.667322e-001
5.303284e+002,3.610539e-001
5.322568e+002,3.517523e-001
5.341853e+002,3.400002e-001
5.361138e+002,3.270727e-001
5.380422e+002,3.141829e-001
5.399707e+002,3.023209e-001
5.418992e+002,2.921363e-001
5.438276e+002,2.838958e-001
5.457561e+002,2.775284e-001
5.476846e+002,2.727558e-001
5.496130e+002,2.692720e-001
5.515415e+002,2.669264e-001
5.534700e+002,2.658549e-001
5.553984e+002,2.665145e-001
5.573269e+002,2.696035e-001
5.592554e+002,2.758733e-001
5.611838e+002,2.858763e-001
5.631123e+002,2.997107e-001
5.650408e+002,3.168305e-001
5.669692e+002,3.359825e-001
5.688977e+002,3.552984e-001
5.708262e+002,3.725435e-001
5.727546e+002,3.854751e-001
5.746831e+002,3.922466e-001
5.766116e+002,3.917687e-001
5.785400e+002,3.839509e-001
5.804685e+002,3.697665e-001
5.823970e+002,3.511207e-001
5.843254e+002,3.305451e-001
5.862539e+002,3.107761e-001
5.881824e+002,2.943028e-001
5.901108e+002,2.829715e-001
5.920393e+002,2.777257e-001
5.939678e+002,2.785241e-001
5.958962e+002,2.844454e-001
5.978247e+002,2.939433e-001
5.997532e+002,3.051896e-001
6.016816e+002,3.164253e-001
6.036101e+002,3.262435e-001
6.055386e+002,3.337543e-001
6.074670e+002,3.386090e-001
6.093955e+002,3.408994e-001
6.113240e+002,3.409782e-001
6.132524e+002,3.392569e-001
6.151809e+002,3.360438e-001
6.171094e+002,3.314579e-001
6.190378e+002,3.254404e-001
6.209663e+002,3.178408e-001
6.228948e+002,3.085479e-001
6.248232e+002,2.976128e-001
6.267517e+002,2.853228e-001
6.286802e+002,2.722002e-001
6.306086e+002,2.589239e-001
6.325371e+002,2.461999e-001
6.344656e+002,2.346201e-001
6.363940e+002,2.245547e-001
6.383225e+002,2.161153e-001
6.402510e+002,2.092028e-001
6.421794e+002,2.036276e-001
6.441079e+002,1.992662e-001
6.460364e+002,1.962054e-001
6.479648e+002,1.948200e-001
6.498933e+002,1.957493e-001
6.518218e+002,1.997607e-001
6.537502e+002,2.075227e-001
6.556787e+002,2.193342e-001
6.576072e+002,2.348807e-001
6.595356e+002,2.530859e-001
6.614641e+002,2.721158e-001
6.633926e+002,2.895587e-001
6.653210e+002,3.027687e-001
6.672495e+002,3.093216e-001
6.691780e+002,3.074965e-001
6.711064e+002,2.966876e-001
6.730349e+002,2.776524e-001
6.749634e+002,2.525300e-001
6.768918e+002,2.246062e-001
6.788203e+002,1.978479e-001
6.807488e+002,1.762852e-001
6.826772e+002,1.633453e-001
6.846057e+002,1.612647e-001
6.865342e+002,1.706915e-001
6.884626e+002,1.905572e-001
6.903911e+002,2.182477e-001
6.923196e+002,2.500403e-001
6.942480e+002,2.817248e-001
6.961765e+002,3.092907e-001
6.981050e+002,3.295431e-001
7.000334e+002,3.405388e-001
7.019619e+002,3.417621e-001
7.038904e+002,3.340254e-001
7.058188e+002,3.191319e-001
7.077473e+002,2.993905e-001
7.096758e+002,2.770948e-001
7.116042e+002,2.540856e-001
7.135327e+002,2.314801e-001
7.154612e+002,2.096146e-001
7.173896e+002,1.881894e-001
7.193181e+002,1.665566e-001
7.212466e+002,1.440662e-001
7.231750e+002,1.203725e-001
7.251035e+002,9.562506e-002
7.270320e+002,7.050189e-002
7.289604e+002,4.608861e-002
7.308889e+002,2.364553e-002
7.328174e+002,4.333722e-003
7.347458e+002,-1.102459e-002
7.366743e+002,-2.208960e-002
7.386028e+002,-2.902091e-002
7.405313e+002,-3.237429e-002
7.424597e+002,-3.291586e-002
7.443882e+002,-3.141546e-002
7.463167e+002,-2.847780e-002
7.482451e+002,-2.445938e-002
7.501736e+002,-1.948913e-002
7.521021e+002,-1.357834e-002
7.540305e+002,-6.782022e-003
7.559590e+002,6.438878e-004
7.578875e+002,8.140302e-003
7.598159e+002,1.483221e-002
7.617444e+002,1.961657e-002
7.636729e+002,2.133063e-002
7.656013e+002,1.896100e-002
7.675298e+002,1.184528e-002
7.694583e+002,-1.812470e-004
7.713867e+002,-1.672441e-002
7.733152e+002,-3.686472e-002
7.752437e+002,-5.927347e-002
7.771721e+002,-8.238471e-002
7.791006e+002,-1.045889e-001
7.810291e+002,-1.244181e-001
7.829575e+002,-1.407008e-001
7.848860e+002,-1.526785e-001
7.868145e+002,-1.600804e-001
7.887429e+002,-1.631623e-001
7.906714e+002,-1.627070e-001
7.925999e+002,-1.599809e-001
7.945283e+002,-1.566376e-001
7.964568e+002,-1.545564e-001
7.983853e+002,-1.556160e-001
8.003137e+002,-1.614146e-001
8.022422e+002,-1.729741e-001
8.041707e+002,-1.904768e-001
8.060991e+002,-2.130977e-001
8.080276e+002,-2.389855e-001
8.099561e+002,-2.654275e-001
8.118845e+002,-2.891960e-001
8.138130e+002,-3.070354e-001
8.157415e+002,-3.162095e-001
8.176699e+002,-3.150080e-001
8.195984e+002,-3.031061e-001
8.215269e+002,-2.816961e-001
8.234553e+002,-2.533487e-001
8.253838e+002,-2.216198e-001
8.273123e+002,-1.904691e-001
8.292407e+002,-1.636002e-001
8.311692e+002,-1.438497e-001
8.330977e+002,-1.327421e-001
8.350261e+002,-1.302957e-001
8.369546e+002,-1.351094e-001
8.388831e+002,-1.447061e-001
8.408115e+002,-1.560550e-001
8.427400e+002,-1.661657e-001
8.446685e+002,-1.726387e-001
8.465969e+002,-1.740721e-001
8.485254e+002,-1.702633e-001
8.504539e+002,-1.621860e-001
8.523823e+002,-1.517679e-001
8.543108e+002,-1.415276e-001
8.562393e+002,-1.341460e-001
8.581677e+002,-1.320466e-001
8.600962e+002,-1.370436e-001
8.620247e+002,-1.500987e-001
8.639531e+002,-1.711994e-001
8.658816e+002,-1.993576e-001
8.678101e+002,-2.327143e-001
8.697385e+002,-2.687308e-001
8.716670e+002,-3.044499e-001
8.735955e+002,-3.368059e-001
8.755239e+002,-3.629632e-001
8.774524e+002,-3.806518e-001
8.793809e+002,-3.884630e-001
8.813093e+002,-3.860582e-001
8.832378e+002,-3.742476e-001
8.851663e+002,-3.549023e-001
8.870947e+002,-3.306915e-001
8.890232e+002,-3.046652e-001
8.909517e+002,-2.797394e-001
8.928801e+002,-2.581701e-001
8.948086e+002,-2.411178e-001
8.967371e+002,-2.283964e-001
8.986655e+002,-2.184724e-001
9.005940e+002,-2.087363e-001
9.025225e+002,-1.960063e-001
9.044509e+002,-1.771810e-001
9.063794e+002,-1.499099e-001
9.083079e+002,-1.131520e-001
9.102363e+002,-6.750073e-002
9.121648e+002,-1.520561e-002
9.140933e+002,4.012262e-002
9.160217e+002,9.406558e-002
9.179502e+002,1.421028e-001
9.198787e+002,1.803302e-001
9.218071e+002,2.060535e-001
9.237356e+002,2.181474e-001
9.256641e+002,2.171233e-001
9.275925e+002,2.049148e-001
9.295210e+002,1.844379e-001
9.314495e+002,1.590343e-001
9.333779e+002,1.319100e-001
9.353064e+002,1.056794e-001
9.372349e+002,8.208339e-002
9.391633e+002,6.190987e-002
9.410918e+002,4.509870e-002
9.430203e+002,3.097839e-002
9.449487e+002,1.856560e-002
9.468772e+002,6.861871e-003
9.488057e+002,-4.901847e-003
9.507341e+002,-1.709333e-002
9.526626e+002,-2.957897e-002
9.545911e+002,-4.167673e-002
9.565195e+002,-5.213858e-002
9.584480e+002,-5.915486e-002
9.603765e+002,-6.037993e-002
9.623049e+002,-5.300685e-002
9.642334e+002,-3.392019e-002
9.661619e+002,4.510914e-005
9.680903e+002,5.172668e-002
9.700188e+002,1.231671e-001
9.719473e+002,2.151065e-001
9.738757e+002,3.265302e-001
9.758042e+002,4.543665e-001
9.777327e+002,5.934359e-001
9.796611e+002,7.367101e-001
9.815896e+002,8.758929e-001
9.835181e+002,1.002275e+000
9.854465e+002,1.107750e+000
9.873750e+002,1.185840e+000
9.893035e+002,1.232563e+000
9.912319e+002,1.246992e+000
9.931604e+002,1.231403e+000
9.950889e+002,1.190967e+000
9.970173e+002,1.133053e+000
9.989458e+002,1.066227e+000
1.000874e+003,9.991287e-001
1.002803e+003,9.393976e-001
1.004731e+003,8.928089e-001
1.006660e+003,8.627354e-001
1.008588e+003,8.499907e-001
1.010517e+003,8.530349e-001
1.012445e+003,8.684766e-001
1.014374e+003,8.917605e-001
1.016302e+003,9.179223e-001
1.018230e+003,9.423044e-001
1.020159e+003,9.611495e-001
1.022087e+003,9.720225e-001
1.024016e+003,9.740409e-001
1.025944e+003,9.679118e-001
1.027873e+003,9.557884e-001
1.029801e+003,9.409556e-001
1.031730e+003,9.273688e-001
1.033658e+003,9.190714e-001
1.035587e+003,9.195454e-001
1.037515e+003,9.310636e-001
1.039444e+003,9.541515e-001
1.041372e+003,9.872613e-001
1.043301e+003,1.026768e+000
1.045229e+003,1.067343e+000
1.047157e+003,1.102704e+000
1.049086e+003,1.126655e+000
1.051014e+003,1.134254e+000
1.052943e+003,1.122876e+000
1.054871e+003,1.092955e+000
1.056800e+003,1.048182e+000
1.058728e+003,9.950890e-001
1.060657e+003,9.420056e-001
1.062585e+003,8.975822e-001
1.064514e+003,8.691311e-001
1.066442e+003,8.611313e-001
1.068371e+003,8.742194e-001
1.070299e+003,9.049054e-001
1.072228e+003,9.461081e-001
1.074156e+003,9.884344e-001
1.076084e+003,1.021956e+000
1.078013e+003,1.038137e+000
1.079941e+003,1.031505e+000
1.081870e+003,1.000739e+000
1.083798e+003,9.489413e-001
1.085727e+003,8.830422e-001
1.087655e+003,8.124873e-001
1.089584e+003,7.474696e-001
1.091512e+003,6.970819e-001
1.093441e+003,6.677527e-001
1.095369e+003,6.622526e-001
1.097298e+003,6.794303e-001
1.099226e+003,7.146707e-001
1.101155e+003,7.609289e-001
1.103083e+003,8.100902e-001
1.105011e+003,8.543665e-001
1.106940e+003,8.874671e-001
1.108868e+003,9.053624e-001
1.110797e+003,9.065595e-001
1.112725e+003,8.919241e-001
1.114654e+003,8.641602e-001
1.116582e+003,8.271058e-001
1.118511e+003,7.850118e-001
1.120439e+003,7.419274e-001
1.122368e+003,7.012758e-001
1.124296e+003,6.656374e-001
1.126225e+003,6.367168e-001
1.128153e+003,6.154424e-001
1.130082e+003,6.021382e-001
1.132010e+003,5.967165e-001
1.133938e+003,5.988558e-001
1.135867e+003,6.081430e-001
1.137795e+003,6.241700e-001
1.139724e+003,6.465763e-001
1.141652e+003,6.750345e-001
1.143581e+003,7.091731e-001
1.145509e+003,7.484428e-001
1.147438e+003,7.919372e-001
1.149366e+003,8.382052e-001
1.151295e+003,8.850985e-001
1.153223e+003,9.297064e-001
1.155152e+003,9.684262e-001
1.157080e+003,9.971941e-001
1.159009e+003,1.011870e+000
1.160937e+003,1.008734e+000
1.162865e+003,9.850222e-001
1.164794e+003,9.394080e-001
1.166722e+003,8.723366e-001
1.168651e+003,7.861475e-001
1.170579e+003,6.849487e-001
1.172508e+003,5.742543e-001
1.174436e+003,4.604406e-001
1.176365e+003,3.501012e-001
1.178293e+003,2.493972e-001
1.180222e+003,1.634885e-001
1.182150e+003,9.611126e-002
1.184079e+003,4.933655e-002
1.186007e+003,2.351378e-002
1.187936e+003,1.737793e-002
1.189864e+003,2.828800e-002
1.191792e+003,5.255764e-002
1.193721e+003,8.584620e-002
1.195649e+003,1.235799e-001
1.197578e+003,1.613811e-001
1.199506e+003,1.954797e-001
1.201435e+003,2.230784e-001
1.203363e+003,2.426335e-001
1.205292e+003,2.540148e-001
1.207220e+003,2.585077e-001
1.209149e+003,2.586395e-001
1.211077e+003,2.578315e-001
1.213006e+003,2.599111e-001
1.214934e+003,2.685443e-001
1.216863e+003,2.866698e-001
1.218791e+003,3.160250e-001
1.220719e+003,3.568394e-001
1.222648e+003,4.077517e-001
1.224576e+003,4.659644e-001
1.226505e+003,5.276120e-001
1.228433e+003,5.882804e-001
1.230362e+003,6.435910e-001
1.232290e+003,6.897542e-001
1.234219e+003,7.240043e-001
1.236147e+003,7.448596e-001
1.238076e+003,7.521757e-001
1.240004e+003,7.470076e-001
1.241933e+003,7.313222e-001
1.243861e+003,7.076276e-001
1.245790e+003,6.785905e-001
1.247718e+003,6.467093e-001
1.249646e+003,6.140872e-001
1.251575e+003,5.823263e-001
1.253503e+003,5.525351e-001
1.255432e+003,5.254189e-001
1.257360e+003,5.014114e-001
1.259289e+003,4.807981e-001
1.261217e+003,4.637978e-001
1.263146e+003,4.505787e-001
1.265074e+003,4.412107e-001
1.267003e+003,4.355723e-001
1.268931e+003,4.332474e-001
1.270860e+003,4.334490e-001
1.272788e+003,4.350076e-001
1.274717e+003,4.364444e-001
1.276645e+003,4.361322e-001
1.278573e+003,4.325292e-001
1.280502e+003,4.244473e-001
1.282430e+003,4.113100e-001
1.284359e+003,3.933499e-001
1.286287e+003,3.716991e-001
1.288216e+003,3.483480e-001
1.290144e+003,3.259586e-001
1.292073e+003,3.075508e-001
1.294001e+003,2.960967e-001
1.295930e+003,2.940771e-001
1.297858e+003,3.030676e-001
1.299787e+003,3.234199e-001
1.301715e+003,3.540957e-001
1.303644e+003,3.926955e-001
1.305572e+003,4.356903e-001
1.307500e+003,4.788411e-001
1.309429e+003,5.177516e-001
1.311357e+003,5.484777e-001
1.313286e+003,5.680982e-001
1.315214e+003,5.751527e-001
1.317143e+003,5.698652e-001
1.319071e+003,5.541077e-001
1.321000e+003,5.310979e-001
1.322928e+003,5.048769e-001
1.324857e+003,4.796489e-001
1.326785e+003,4.590995e-001
1.328714e+003,4.458129e-001
1.330642e+003,4.408919e-001
1.332571e+003,4.438494e-001
1.334499e+003,4.527878e-001
1.336427e+003,4.648289e-001
1.338356e+003,4.767072e-001
1.340284e+003,4.854137e-001
1.342213e+003,4.887675e-001
1.344141e+003,4.858119e-001
1.346070e+003,4.769686e-001
1.347998e+003,4.639325e-001
1.349927e+003,4.493386e-001
1.351855e+003,4.362727e-001
1.353784e+003,4.277233e-001
1.355712e+003,4.260745e-001
1.357641e+003,4.327281e-001
1.359569e+003,4.479116e-001
1.361498e+003,4.706954e-001
1.363426e+003,4.992042e-001
1.365354e+003,5.309759e-001
1.367283e+003,5.633979e-001
1.369211e+003,5.941451e-001
1.371140e+003,6.215415e-001
1.373068e+003,6.447881e-001
1.374997e+003,6.640210e-001
1.376925e+003,6.801915e-001
1.378854e+003,6.947992e-001
1.380782e+003,7.095265e-001
1.382711e+003,7.258505e-001
1.384639e+003,7.447065e-001
1.386568e+003,7.662711e-001
1.388496e+003,7.899066e-001
1.390425e+003,8.142728e-001
1.392353e+003,8.375745e-001
1.394281e+003,8.578865e-001
1.396210e+003,8.734730e-001
1.398138e+003,8.830310e-001
1.400067e+003,8.858058e-001
1.401995e+003,8.815655e-001
1.403924e+003,8.704631e-001
1.405852e+003,8.528516e-001
1.407781e+003,8.291274e-001
1.409709e+003,7.996693e-001
1.411638e+003,7.649107e-001
1.413566e+003,7.255268e-001
1.415495e+003,6.826795e-001
1.417423e+003,6.382248e-001
1.419352e+003,5.947825e-001
1.421280e+003,5.555995e-001
1.423208e+003,5.241861e-001
1.425137e+003,5.037780e-001
1.427065e+003,4.967346e-001
1.428994e+003,5.040205e-001
1.430922e+003,5.249161e-001
1.432851e+003,5.570573e-001
1.434779e+003,5.968248e-001
1.436708e+003,6.400197e-001
1.438636e+003,6.826711e-001
1.440565e+003,7.217850e-001
1.442493e+003,7.558407e-001
1.444422e+003,7.848978e-001
1.446350e+003,8.102678e-001
1.448279e+003,8.338187e-001
1.450207e+003,8.570768e-001
1.452135e+003,8.803535e-001
1.454064e+003,9.021315e-001
1.455992e+003,9.188935e-001
1.457921e+003,9.254786e-001
1.459849e+003,9.159283e-001
1.461778e+003,8.846680e-001
1.463706e+003,8.277852e-001
1.465635e+003,7.441320e-001
1.467563e+003,6.360093e-001
1.469492e+003,5.092702e-001
1.471420e+003,3.727963e-001
1.473349e+003,2.374260e-001
1.475277e+003,1.145216e-001
1.477206e+003,1.443277e-002
1.479134e+003,-5.487117e-002
1.481063e+003,-8.876172e-002
1.482991e+003,-8.634994e-002
1.484919e+003,-5.027662e-002
1.486848e+003,1.403665e-002
1.488776e+003,9.950858e-002
1.490705e+003,1.986580e-001
1.492633e+003,3.047552e-001
1.494562e+003,4.126475e-001
1.496490e+003,5.191193e-001
1.498419e+003,6.227509e-001
1.500347e+003,7.233497e-001
1.502276e+003,8.211277e-001
1.504204e+003,9.158510e-001
1.506133e+003,1.006197e+000
1.508061e+003,1.089504e+000
1.509990e+003,1.162007e+000
1.511918e+003,1.219523e+000
1.513846e+003,1.258432e+000
1.515775e+003,1.276727e+000
1.517703e+003,1.274837e+000
1.519632e+003,1.255999e+000
1.521560e+003,1.226035e+000
1.523489e+003,1.192519e+000
1.525417e+003,1.163481e+000
1.527346e+003,1.145926e+000
1.529274e+003,1.144476e+000
1.531203e+003,1.160452e+000
1.533131e+003,1.191622e+000
1.535060e+003,1.232674e+000
1.536988e+003,1.276314e+000
1.538917e+003,1.314755e+000
1.540845e+003,1.341251e+000
1.542773e+003,1.351337e+000
1.544702e+003,1.343521e+000
1.546630e+003,1.319286e+000
1.548559e+003,1.282450e+000
1.550487e+003,1.238078e+000
1.552416e+003,1.191219e+000
1.554344e+003,1.145795e+000
1.556273e+003,1.103878e+000
1.558201e+003,1.065507e+000
1.560130e+003,1.029034e+000
1.562058e+003,9.918597e-001
1.563987e+003,9.513461e-001
1.565915e+003,9.056473e-001
1.567844e+003,8.542629e-001
1.569772e+003,7.981976e-001
1.571700e+003,7.397270e-001
1.573629e+003,6.818733e-001
1.575557e+003,6.277524e-001
1.577486e+003,5.799783e-001
1.579414e+003,5.402643e-001
1.581343e+003,5.092981e-001
1.583271e+003,4.868819e-001
1.585200e+003,4.722570e-001
1.587128e+003,4.644988e-001
1.589057e+003,4.628610e-001
1.590985e+003,4.669840e-001
1.592914e+003,4.769369e-001
1.594842e+003,4.931164e-001
1.596771e+003,5.160664e-001
1.598699e+003,5.462971e-001
1.600627e+003,5.841659e-001
1.602556e+003,6.298480e-001
1.604484e+003,6.833807e-001
1.606413e+003,7.447308e-001
1.608341e+003,8.138200e-001
1.610270e+003,8.904535e-001
1.612198e+003,9.741395e-001
1.614127e+003,1.063823e+000
1.616055e+003,1.157618e+000
1.617984e+003,1.252638e+000
1.619912e+003,1.345024e+000
1.621841e+003,1.430244e+000
1.623769e+003,1.503651e+000
1.625698e+003,1.561240e+000
1.627626e+003,1.600457e+000
1.629554e+003,1.620872e+000
1.631483e+003,1.624543e+000
1.633411e+003,1.615924e+000
1.635340e+003,1.601284e+000
1.637268e+003,1.587695e+000
1.639197e+003,1.581752e+000
1.641125e+003,1.588302e+000
1.643054e+003,1.609421e+000
1.644982e+003,1.643907e+000
1.646911e+003,1.687419e+000
1.648839e+003,1.733258e+000
1.650768e+003,1.773666e+000
1.652696e+003,1.801371e+000
1.654625e+003,1.811050e+000
1.656553e+003,1.800406e+000
1.658481e+003,1.770619e+000
1.660410e+003,1.726079e+000
1.662338e+003,1.673479e+000
1.664267e+003,1.620471e+000
1.666195e+003,1.574201e+000
1.668124e+003,1.540046e+000
1.670052e+003,1.520798e+000
1.671981e+003,1.516449e+000
1.673909e+003,1.524553e+000
1.675838e+003,1.540997e+000
1.677766e+003,1.560965e+000
1.679695e+003,1.579811e+000
1.681623e+003,1.593650e+000
1.683552e+003,1.599574e+000
1.685480e+003,1.595517e+000
1.687408e+003,1.579933e+000
1.689337e+003,1.551462e+000
1.691265e+003,1.508780e+000
1.693194e+003,1.450737e+000
1.695122e+003,1.376755e+000
1.697051e+003,1.287369e+000
1.698979e+003,1.184698e+000
1.700908e+003,1.072619e+000
1.702836e+003,9.565129e-001
1.704765e+003,8.425328e-001
1.706693e+003,7.365398e-001
1.708622e+003,6.429519e-001
1.710550e+003,5.638254e-001
1.712479e+003,4.984708e-001
1.714407e+003,4.437776e-001
1.716335e+003,3.952537e-001
1.718264e+003,3.485747e-001
1.720192e+003,3.012784e-001
1.722121e+003,2.541519e-001
1.724049e+003,2.118946e-001
1.725978e+003,1.827777e-001
1.727906e+003,1.772534e-001
1.729835e+003,2.057248e-001
1.731763e+003,2.759114e-001
1.733692e+003,3.903884e-001
1.735620e+003,5.448802e-001
1.737549e+003,7.277656e-001
1.739477e+003,9.210123e-001
1.741406e+003,1.102460e+000
1.743334e+003,1.249081e+000
1.745262e+003,1.340622e+000
1.747191e+003,1.362952e+000
1.749119e+003,1.310458e+000
1.751048e+003,1.187048e+000
1.752976e+003,1.005562e+000
1.754905e+003,7.857123e-001
1.756833e+003,5.509663e-001
1.758762e+003,3.249442e-001
1.760690e+003,1.279956e-001
1.762619e+003,-2.546381e-002
1.764547e+003,-1.284395e-001
1.766476e+003,-1.815061e-001
1.768404e+003,-1.917117e-001
1.770333e+003,-1.705514e-001
1.772261e+003,-1.314712e-001
1.774189e+003,-8.739703e-002
1.776118e+003,-4.872681e-002
1.778046e+003,-2.208425e-002
1.779975e+003,-9.954197e-003
1.781903e+003,-1.113386e-002
1.783832e+003,-2.179103e-002
1.785760e+003,-3.683141e-002
1.787689e+003,-5.126163e-002
1.789617e+003,-6.128139e-002
1.791546e+003,-6.493136e-002
1.793474e+003,-6.223892e-002
1.795403e+003,-5.491112e-002
1.797331e+003,-4.570833e-002
1.799260e+003,-3.767800e-002
1.801188e+003,-3.342613e-002
1.803116e+003,-3.457618e-002
1.805045e+003,-4.150284e-002
1.806973e+003,-5.336255e-002
1.808902e+003,-6.837957e-002
1.810830e+003,-8.430049e-002
1.812759e+003,-9.890231e-002
1.814687e+003,-1.104456e-001
1.816616e+003,-1.179783e-001
1.818544e+003,-1.214440e-001
1.820473e+003,-1.215837e-001
1.822401e+003,-1.196719e-001
1.824330e+003,-1.171583e-001
1.826258e+003,-1.153038e-001
1.828187e+003,-1.148964e-001
1.830115e+003,-1.161121e-001
1.832043e+003,-1.185486e-001
1.833972e+003,-1.214146e-001
1.835900e+003,-1.238211e-001
1.837829e+003,-1.250943e-001
1.839757e+003,-1.250214e-001
1.841686e+003,-1.239596e-001
1.843614e+003,-1.227733e-001
1.845543e+003,-1.226099e-001
1.847471e+003,-1.245721e-001
1.849400e+003,-1.293715e-001
1.851328e+003,-1.370640e-001
1.853257e+003,-1.469432e-001
1.855185e+003,-1.576346e-001
1.857114e+003,-1.673781e-001
1.859042e+003,-1.744326e-001
1.860970e+003,-1.775060e-001
1.862899e+003,-1.760969e-001
1.864827e+003,-1.706566e-001
1.866756e+003,-1.625226e-001
1.868684e+003,-1.536329e-001
1.870613e+003,-1.460868e-001
1.872541e+003,-1.416602e-001
1.874470e+003,-1.413951e-001
1.876398e+003,-1.453651e-001
1.878327e+003,-1.526754e-001
1.880255e+003,-1.616968e-001
1.882184e+003,-1.704722e-001
1.884112e+003,-1.771941e-001
1.886041e+003,-1.806335e-001
1.887969e+003,-1.804167e-001
1.889897e+003,-1.770851e-001
1.891826e+003,-1.719300e-001
1.893754e+003,-1.666496e-001
1.895683e+003,-1.629169e-001
1.897611e+003,-1.619688e-001
1.899540e+003,-1.643135e-001
1.901468e+003,-1.696236e-001
1.903397e+003,-1.768347e-001
1.905325e+003,-1.844172e-001
1.907254e+003,-1.907515e-001
1.909182e+003,-1.945125e-001
1.911111e+003,-1.949749e-001
1.913039e+003,-1.921699e-001
1.914968e+003,-1.868636e-001
1.916896e+003,-1.803678e-001
1.918824e+003,-1.742336e-001
1.920753e+003,-1.699004e-001
1.922681e+003,-1.683798e-001
1.924610e+003,-1.700450e-001
1.926538e+003,-1.745654e-001
1.928467e+003,-1.809989e-001
1.930395e+003,-1.880127e-001
1.932324e+003,-1.941826e-001
1.934252e+003,-1.983019e-001
1.936181e+003,-1.996327e-001
1.938109e+003,-1.980469e-001
1.940038e+003,-1.940302e-001
1.941966e+003,-1.885509e-001
1.943895e+003,-1.828300e-001
1.945823e+003,-1.780628e-001
1.947751e+003,-1.751586e-001
1.949680e+003,-1.745552e-001
1.951608e+003,-1.761471e-001
1.953537e+003,-1.793418e-001
1.955465e+003,-1.832258e-001
1.957394e+003,-1.867981e-001
1.959322e+003,-1.892142e-001
1.961251e+003,-1.899818e-001
1.963179e+003,-1.890629e-001
1.965108e+003,-1.868599e-001
1.967036e+003,-1.840935e-001
1.968965e+003,-1.816053e-001
1.970893e+003,-1.801358e-001
1.972822e+003,-1.801349e-001
1.974750e+003,-1.816510e-001
1.976678e+003,-1.843247e-001
1.978607e+003,-1.874863e-001
1.980535e+003,-1.903298e-001
1.982464e+003,-1.921186e-001
1.984392e+003,-1.923699e-001
1.986321e+003,-1.909731e-001
1.988249e+003,-1.882141e-001
1.990178e+003,-1.847014e-001
1.992106e+003,-1.812163e-001
1.994035e+003,-1.785236e-001
1.995963e+003,-1.771914e-001
1.997892e+003,-1.774624e-001
1.999820e+003,-1.792043e-001
2.001749e+003,-1.819490e-001
2.003677e+003,-1.850071e-001
2.005605e+003,-1.876274e-001
2.007534e+003,-1.891641e-001
2.009462e+003,-1.892107e-001
2.011391e+003,-1.876753e-001
2.013319e+003,-1.847814e-001
2.015248e+003,-1.810015e-001
2.017176e+003,-1.769399e-001
2.019105e+003,-1.731969e-001
2.021033e+003,-1.702438e-001
2.022962e+003,-1.683361e-001
2.024890e+003,-1.674810e-001
2.026819e+003,-1.674619e-001
2.028747e+003,-1.679094e-001
2.030676e+003,-1.684005e-001
2.032604e+003,-1.685599e-001
2.034532e+003,-1.681422e-001
2.036461e+003,-1.670768e-001
2.038389e+003,-1.654684e-001
2.040318e+003,-1.635575e-001
2.042246e+003,-1.616503e-001
2.044175e+003,-1.600396e-001
2.046103e+003,-1.589336e-001
2.048032e+003,-1.584097e-001
2.049960e+003,-1.584036e-001
2.051889e+003,-1.587323e-001
2.053817e+003,-1.591459e-001
2.055746e+003,-1.593919e-001
2.057674e+003,-1.592774e-001
2.059603e+003,-1.587128e-001
2.061531e+003,-1.577277e-001
2.063459e+003,-1.564572e-001
2.065388e+003,-1.551018e-001
2.067316e+003,-1.538740e-001
2.069245e+003,-1.529440e-001
2.071173e+003,-1.523994e-001
2.073102e+003,-1.522264e-001
2.075030e+003,-1.523171e-001
2.076959e+003,-1.524989e-001
2.078887e+003,-1.525786e-001
2.080816e+003,-1.523883e-001
2.082744e+003,-1.518225e-001
2.084673e+003,-1.508595e-001
2.086601e+003,-1.495607e-001
2.088530e+003,-1.480524e-001
2.090458e+003,-1.464946e-001
2.092386e+003,-1.450441e-001
2.094315e+003,-1.438234e-001
2.096243e+003,-1.428981e-001
2.098172e+003,-1.422706e-001
2.100100e+003,-1.418863e-001
2.102029e+003,-1.416522e-001
2.103957e+003,-1.414601e-001
2.105886e+003,-1.412111e-001
2.107814e+003,-1.408340e-001
2.109743e+003,-1.402958e-001
2.111671e+003,-1.396031e-001
2.113600e+003,-1.387942e-001
2.115528e+003,-1.379259e-001
2.117457e+003,-1.370589e-001
2.119385e+003,-1.362433e-001
2.121313e+003,-1.355103e-001
2.123242e+003,-1.348691e-001
2.125170e+003,-1.343097e-001
2.127099e+003,-1.338105e-001
2.129027e+003,-1.333479e-001
2.130956e+003,-1.329036e-001
2.132884e+003,-1.324701e-001
2.134813e+003,-1.320499e-001
2.136741e+003,-1.316514e-001
2.138670e+003,-1.312821e-001
2.140598e+003,-1.309420e-001
2.142527e+003,-1.306196e-001
2.144455e+003,-1.302926e-001
2.146384e+003,-1.299337e-001
2.148312e+003,-1.295193e-001
2.150240e+003,-1.290395e-001
2.152169e+003,-1.285045e-001
2.154097e+003,-1.279472e-001
2.156026e+003,-1.274188e-001
2.157954e+003,-1.269796e-001
2.159883e+003,-1.266864e-001
2.161811e+003,-1.265798e-001
2.163740e+003,-1.266761e-001
2.165668e+003,-1.269630e-001
2.167597e+003,-1.274031e-001
2.169525e+003,-1.279408e-001
2.171454e+003,-1.285125e-001
2.173382e+003,-1.290571e-001
2.175311e+003,-1.295246e-001
2.177239e+003,-1.298813e-001
2.179167e+003,-1.301129e-001
2.181096e+003,-1.302241e-001
2.183024e+003,-1.302371e-001
2.184953e+003,-1.301886e-001
2.186881e+003,-1.301240e-001
2.188810e+003,-1.300917e-001
2.190738e+003,-1.301343e-001
2.192667e+003,-1.302806e-001
2.194595e+003,-1.305387e-001
2.196524e+003,-1.308928e-001
2.198452e+003,-1.313066e-001
2.200381e+003,-1.317315e-001
2.202309e+003,-1.321198e-001
2.204238e+003,-1.324390e-001
2.206166e+003,-1.326808e-001
2.208094e+003,-1.328641e-001
2.210023e+003,-1.330279e-001
2.211951e+003,-1.332170e-001
2.213880e+003,-1.334636e-001
2.215808e+003,-1.337736e-001
2.217737e+003,-1.341207e-001
2.219665e+003,-1.344535e-001
2.221594e+003,-1.347143e-001
2.223522e+003,-1.348641e-001
2.225451e+003,-1.349075e-001
2.227379e+003,-1.349081e-001
2.229308e+003,-1.349891e-001
2.231236e+003,-1.353184e-001
2.233165e+003,-1.360798e-001
2.235093e+003,-1.374364e-001
2.237021e+003,-1.394938e-001
2.238950e+003,-1.422670e-001
2.240878e+003,-1.456569e-001
2.242807e+003,-1.494337e-001
2.244735e+003,-1.532335e-001
2.246664e+003,-1.565673e-001
2.248592e+003,-1.588527e-001
2.250521e+003,-1.594737e-001
2.252449e+003,-1.578754e-001
2.254378e+003,-1.536893e-001
2.256306e+003,-1.468722e-001
2.258235e+003,-1.378299e-001
2.260163e+003,-1.274821e-001
2.262092e+003,-1.172320e-001
2.264020e+003,-1.088146e-001
2.265948e+003,-1.040283e-001
2.267877e+003,-1.043901e-001
2.269805e+003,-1.107870e-001
2.271734e+003,-1.232128e-001
2.273662e+003,-1.406772e-001
2.275591e+003,-1.613330e-001
2.277519e+003,-1.828167e-001
2.279448e+003,-2.027355e-001
2.281376e+003,-2.191775e-001
2.283305e+003,-2.311068e-001
2.285233e+003,-2.385262e-001
2.287162e+003,-2.423464e-001
2.289090e+003,-2.439920e-001
2.291019e+003,-2.448570e-001
2.292947e+003,-2.457756e-001
2.294875e+003,-2.466815e-001
2.296804e+003,-2.465700e-001
2.298732e+003,-2.437777e-001
2.300661e+003,-2.364759e-001
2.302589e+003,-2.231840e-001
2.304518e+003,-2.030774e-001
2.306446e+003,-1.759191e-001
2.308375e+003,-1.415745e-001
2.310303e+003,-9.923978e-002
2.312232e+003,-4.667788e-002
2.314160e+003,2.016303e-002
2.316089e+003,1.068020e-001
2.318017e+003,2.189751e-001
2.319946e+003,3.605766e-001
2.321874e+003,5.312016e-001
2.323802e+003,7.239454e-001
2.325731e+003,9.242266e-001
2.327659e+003,1.110296e+000
2.329588e+003,1.255770e+000
2.331516e+003,1.334041e+000
2.333445e+003,1.323904e+000
2.335373e+003,1.215248e+000
2.337302e+003,1.013500e+000
2.339230e+003,7.415295e-001
2.341159e+003,4.382104e-001
2.343087e+003,1.534480e-001
2.345016e+003,-5.968325e-002
2.346944e+003,-1.543553e-001
2.348873e+003,-9.914099e-002
2.350801e+003,1.149863e-001
2.352729e+003,4.713647e-001
2.354658e+003,9.289204e-001
2.356586e+003,1.427945e+000
2.358515e+003,1.899388e+000
2.360443e+003,2.275937e+000
2.362372e+003,2.502825e+000
2.364300e+003,2.546341e+000
2.366229e+003,2.398562e+000
2.368157e+003,2.077577e+000
2.370086e+003,1.623398e+000
2.372014e+003,1.090569e+000
2.373943e+003,5.390217e-001
2.375871e+003,2.495597e-002
2.377800e+003,-4.066904e-001
2.379728e+003,-7.270567e-001
2.381656e+003,-9.249967e-001
2.383585e+003,-1.005719e+000
2.385513e+003,-9.871450e-001
2.387442e+003,-8.949933e-001
2.389370e+003,-7.576658e-001
2.391299e+003,-6.018287e-001
2.393227e+003,-4.492783e-001
2.395156e+003,-3.153075e-001
2.397084e+003,-2.084664e-001
2.399013e+003,-1.313812e-001
2.400941e+003,-8.219545e-002
2.402870e+003,-5.621216e-002
2.404798e+003,-4.741273e-002
2.406727e+003,-4.965962e-002
2.408655e+003,-5.751407e-002
2.410583e+003,-6.669389e-002
2.412512e+003,-7.424204e-002
2.414440e+003,-7.849050e-002
2.416369e+003,-7.888964e-002
2.418297e+003,-7.575529e-002
2.420226e+003,-6.997366e-002
2.422154e+003,-6.269658e-002
2.424083e+003,-5.506213e-002
2.426011e+003,-4.797405e-002
2.427940e+003,-4.197020e-002
2.429868e+003,-3.719121e-002
2.431797e+003,-3.344493e-002
2.433725e+003,-3.033809e-002
2.435654e+003,-2.743167e-002
2.437582e+003,-2.437956e-002
2.439510e+003,-2.101139e-002
2.441439e+003,-1.734808e-002
2.443367e+003,-1.355416e-002
2.445296e+003,-9.852947e-003
2.447224e+003,-6.436310e-003
2.449153e+003,-3.399024e-003
2.451081e+003,-7.157677e-004
2.453010e+003,1.738655e-003
2.454938e+003,4.137727e-003
2.456867e+003,6.643432e-003
2.458795e+003,9.357980e-003
2.460724e+003,1.230280e-002
2.462652e+003,1.542731e-002
2.464581e+003,1.863950e-002
2.466509e+003,2.184504e-002
2.468438e+003,2.497886e-002
2.470366e+003,2.802061e-002
2.472294e+003,3.098976e-002
2.474223e+003,3.392645e-002
2.476151e+003,3.686651e-002
2.478080e+003,3.982254e-002
2.480008e+003,4.277578e-002
2.481937e+003,4.568193e-002
2.483865e+003,4.848666e-002
2.485794e+003,5.114397e-002
2.487722e+003,5.363028e-002
2.489651e+003,5.595062e-002
2.491579e+003,5.813426e-002
2.493508e+003,6.022453e-002
2.495436e+003,6.226630e-002
2.497365e+003,6.429542e-002
2.499293e+003,6.633429e-002
2.501221e+003,6.839119e-002
2.503150e+003,7.046427e-002
2.505078e+003,7.254513e-002
2.507007e+003,7.462110e-002
2.508935e+003,7.667444e-002
2.510864e+003,7.868167e-002
2.512792e+003,8.061323e-002
2.514721e+003,8.243677e-002
2.516649e+003,8.412408e-002
2.518578e+003,8.566134e-002
2.520506e+003,8.705760e-002
2.522435e+003,8.835062e-002
2.524363e+003,8.960545e-002
2.526292e+003,9.090502e-002
2.528220e+003,9.233566e-002
2.530148e+003,9.396968e-002
2.532077e+003,9.585044e-002
2.534005e+003,9.798367e-002
2.535934e+003,1.003375e-001
2.537862e+003,1.028498e-001
2.539791e+003,1.054420e-001
2.541719e+003,1.080344e-001
2.543648e+003,1.105584e-001
2.545576e+003,1.129664e-001
2.547505e+003,1.152336e-001
2.549433e+003,1.173570e-001
2.551362e+003,1.193504e-001
2.553290e+003,1.212396e-001
2.555219e+003,1.230589e-001
2.557147e+003,1.248471e-001
2.559075e+003,1.266462e-001
2.561004e+003,1.284987e-001
2.562932e+003,1.304441e-001
2.564861e+003,1.325138e-001
2.566789e+003,1.347257e-001
2.568718e+003,1.370802e-001
2.570646e+003,1.395581e-001
2.572575e+003,1.421227e-001
2.574503e+003,1.447258e-001
2.576432e+003,1.473158e-001
2.578360e+003,1.498466e-001
2.580289e+003,1.522853e-001
2.582217e+003,1.546164e-001
2.584146e+003,1.568423e-001
2.586074e+003,1.589808e-001
2.588002e+003,1.610604e-001
2.589931e+003,1.631145e-001
2.591859e+003,1.651776e-001
2.593788e+003,1.672824e-001
2.595716e+003,1.694584e-001
2.597645e+003,1.717317e-001
2.599573e+003,1.741232e-001
2.601502e+003,1.766479e-001
2.603430e+003,1.793114e-001
2.605359e+003,1.821065e-001
2.607287e+003,1.850122e-001
2.609216e+003,1.879926e-001
2.611144e+003,1.910000e-001
2.613073e+003,1.939814e-001
2.615001e+003,1.968856e-001
2.616929e+003,1.996724e-001
2.618858e+003,2.023197e-001
2.620786e+003,2.048287e-001
2.622715e+003,2.072239e-001
2.624643e+003,2.095501e-001
2.626572e+003,2.118653e-001
2.628500e+003,2.142312e-001
2.630429e+003,2.167033e-001
2.632357e+003,2.193213e-001
2.634286e+003,2.221031e-001
2.636214e+003,2.250419e-001
2.638143e+003,2.281068e-001
2.640071e+003,2.312487e-001
2.642000e+003,2.344091e-001
2.643928e+003,2.375306e-001
2.645856e+003,2.405687e-001
2.647785e+003,2.435007e-001
2.649713e+003,2.463322e-001
2.651642e+003,2.490985e-001
2.653570e+003,2.518597e-001
2.655499e+003,2.546917e-001
2.657427e+003,2.576725e-001
2.659356e+003,2.608688e-001
2.661284e+003,2.643218e-001
2.663213e+003,2.680396e-001
2.665141e+003,2.719932e-001
2.667070e+003,2.761186e-001
2.668998e+003,2.803256e-001
2.670927e+003,2.845089e-001
2.672855e+003,2.885604e-001
2.674783e+003,2.923816e-001
2.676712e+003,2.958917e-001
2.678640e+003,2.990341e-001
2.680569e+003,3.017789e-001
2.682497e+003,3.041223e-001
2.684426e+003,3.060860e-001
2.686354e+003,3.077145e-001
2.688283e+003,3.090726e-001
2.690211e+003,3.102421e-001
2.692140e+003,3.113176e-001
2.694068e+003,3.124014e-001
2.695997e+003,3.135976e-001
2.697925e+003,3.150046e-001
2.699854e+003,3.167097e-001
2.701782e+003,3.187841e-001
2.703710e+003,3.212795e-001
2.705639e+003,3.242268e-001
2.707567e+003,3.276363e-001
2.709496e+003,3.314973e-001
2.711424e+003,3.357783e-001
2.713353e+003,3.404250e-001
2.715281e+003,3.453593e-001
2.717210e+003,3.504785e-001
2.719138e+003,3.556581e-001
2.721067e+003,3.607579e-001
2.722995e+003,3.656334e-001
2.724924e+003,3.701503e-001
2.726852e+003,3.742010e-001
2.728781e+003,3.777194e-001
2.730709e+003,3.806907e-001
2.732637e+003,3.831543e-001
2.734566e+003,3.851991e-001
2.736494e+003,3.869513e-001
2.738423e+003,3.885580e-001
2.740351e+003,3.901690e-001
2.742280e+003,3.919196e-001
2.744208e+003,3.939161e-001
2.746137e+003,3.962266e-001
2.748065e+003,3.988743e-001
2.749994e+003,4.018362e-001
2.751922e+003,4.050454e-001
2.753851e+003,4.083996e-001
2.755779e+003,4.117728e-001
2.757708e+003,4.150350e-001
2.759636e+003,4.180747e-001
2.761564e+003,4.208218e-001
2.763493e+003,4.232655e-001
2.765421e+003,4.254625e-001
2.767350e+003,4.275286e-001
2.769278e+003,4.296171e-001
2.771207e+003,4.318843e-001
2.773135e+003,4.344527e-001
2.775064e+003,4.373835e-001
2.776992e+003,4.406651e-001
2.778921e+003,4.442244e-001
2.780849e+003,4.479582e-001
2.782778e+003,4.517702e-001
2.784706e+003,4.556048e-001
2.786635e+003,4.594564e-001
2.788563e+003,4.633507e-001
2.790491e+003,4.673007e-001
2.792420e+003,4.712545e-001
2.794348e+003,4.750589e-001
2.796277e+003,4.784669e-001
2.798205e+003,4.812018e-001
2.800134e+003,4.830739e-001
2.802062e+003,4.841174e-001
2.803991e+003,4.847004e-001
2.805919e+003,4.855477e-001
2.807848e+003,4.876319e-001
2.809776e+003,4.919221e-001
2.811705e+003,4.990239e-001
2.813633e+003,5.087968e-001
2.815562e+003,5.200677e-001
2.817490e+003,5.305693e-001
2.819418e+003,5.371940e-001
2.821347e+003,5.365907e-001
2.823275e+003,5.260324e-001
2.825204e+003,5.043910e-001
2.827132e+003,4.729843e-001
2.829061e+003,4.360444e-001
2.830989e+003,4.006003e-001
2.832918e+003,3.756804e-001
2.834846e+003,3.708936e-001
2.836775e+003,3.946082e-001
2.838703e+003,4.520800e-001
2.840632e+003,5.439373e-001
2.842560e+003,6.653988e-001
2.844489e+003,8.064718e-001
2.846417e+003,9.531801e-001
2.848345e+003,1.089646e+000
2.850274e+003,1.200650e+000
2.852202e+003,1.274168e+000
2.854131e+003,1.303382e+000
2.856059e+003,1.287736e+000
2.857988e+003,1.232844e+000
2.859916e+003,1.149277e+000
2.861845e+003,1.050496e+000
2.863773e+003,9.504004e-001
2.865702e+003,8.609893e-001
2.867630e+003,7.906101e-001
2.869559e+003,7.431037e-001
2.871487e+003,7.179303e-001
2.873416e+003,7.111406e-001
2.875344e+003,7.168732e-001
2.877272e+003,7.289714e-001
2.879201e+003,7.423300e-001
2.881129e+003,7.536958e-001
2.883058e+003,7.618142e-001
2.884986e+003,7.670048e-001
2.886915e+003,7.703875e-001
2.888843e+003,7.730624e-001
2.890772e+003,7.755198e-001
2.892700e+003,7.774724e-001
2.894629e+003,7.781511e-001
2.896557e+003,7.769563e-001
2.898486e+003,7.742462e-001
2.900414e+003,7.719845e-001
2.902343e+003,7.740061e-001
2.904271e+003,7.857476e-001
2.906199e+003,8.134310e-001
2.908128e+003,8.628328e-001
2.910056e+003,9.378841e-001
2.911985e+003,1.039404e+000
2.913913e+003,1.164264e+000
2.915842e+003,1.305185e+000
2.917770e+003,1.451275e+000
2.919699e+003,1.589241e+000
2.921627e+003,1.705103e+000
2.923556e+003,1.786129e+000
2.925484e+003,1.822684e+000
2.927413e+003,1.809682e+000
2.929341e+003,1.747425e+000
2.931270e+003,1.641684e+000
2.933198e+003,1.503030e+000
2.935126e+003,1.345496e+000
2.937055e+003,1.184802e+000
2.938983e+003,1.036365e+000
2.940912e+003,9.134018e-001
2.942840e+003,8.253786e-001
2.944769e+003,7.770021e-001
2.946697e+003,7.678857e-001
2.948626e+003,7.929081e-001
2.950554e+003,8.431879e-001
2.952483e+003,9.075103e-001
2.954411e+003,9.739815e-001
2.956340e+003,1.031656e+000
2.958268e+003,1.071906e+000
2.960197e+003,1.089337e+000
2.962125e+003,1.082149e+000
2.964053e+003,1.051941e+000
2.965982e+003,1.003018e+000
2.967910e+003,9.413924e-001
2.969839e+003,8.736466e-001
2.971767e+003,8.058938e-001
2.973696e+003,7.429842e-001
2.975624e+003,6.880772e-001
2.977553e+003,6.425988e-001
2.979481e+003,6.065337e-001
2.981410e+003,5.789376e-001
2.983338e+003,5.585208e-001
2.985267e+003,5.441596e-001
2.987195e+003,5.352232e-001
2.989124e+003,5.316592e-001
2.991052e+003,5.338452e-001
2.992980e+003,5.422706e-001
2.994909e+003,5.571516e-001
2.996837e+003,5.780917e-001
2.998766e+003,6.038864e-001
3.000694e+003,6.325287e-001
3.002623e+003,6.614249e-001
3.004551e+003,6.877738e-001
3.006480e+003,7.090299e-001
3.008408e+003,7.233453e-001
3.010337e+003,7.298968e-001
3.012265e+003,7.290245e-001
3.014194e+003,7.221562e-001
3.016122e+003,7.115340e-001
3.018051e+003,6.998016e-001
3.019979e+003,6.895386e-001
3.021907e+003,6.828326e-001
3.023836e+003,6.809729e-001
3.025764e+003,6.843129e-001
3.027693e+003,6.923185e-001
3.029621e+003,7.037753e-001
3.031550e+003,7.171010e-001
3.033478e+003,7.306920e-001
3.035407e+003,7.432297e-001
3.037335e+003,7.538928e-001
3.039264e+003,7.624394e-001
3.041192e+003,7.691623e-001
3.043121e+003,7.747363e-001
3.045049e+003,7.800083e-001
3.046978e+003,7.857762e-001
3.048906e+003,7.926100e-001
3.050834e+003,8.007439e-001
3.052763e+003,8.100557e-001
3.054691e+003,8.201251e-001
3.056620e+003,8.303491e-001
3.058548e+003,8.400801e-001
3.060477e+003,8.487542e-001
3.062405e+003,8.559838e-001
3.064334e+003,8.615990e-001
3.066262e+003,8.656383e-001
3.068191e+003,8.682984e-001
3.070119e+003,8.698637e-001
3.072048e+003,8.706326e-001
3.073976e+003,8.708611e-001
3.075905e+003,8.707311e-001
3.077833e+003,8.703478e-001
3.079761e+003,8.697565e-001
3.081690e+003,8.689734e-001
3.083618e+003,8.680146e-001
3.085547e+003,8.669178e-001
3.087475e+003,8.657502e-001
3.089404e+003,8.646030e-001
3.091332e+003,8.635777e-001
3.093261e+003,8.627691e-001
3.095189e+003,8.622528e-001
3.097118e+003,8.620785e-001
3.099046e+003,8.622720e-001
3.100975e+003,8.628433e-001
3.102903e+003,8.637954e-001
3.104832e+003,8.651322e-001
3.106760e+003,8.668607e-001
3.108688e+003,8.689894e-001
3.110617e+003,8.715224e-001
3.112545e+003,8.744535e-001
3.114474e+003,8.777640e-001
3.116402e+003,8.814247e-001
3.118331e+003,8.854027e-001
3.120259e+003,8.896710e-001
3.122188e+003,8.942169e-001
3.124116e+003,8.990467e-001
3.126045e+003,9.041824e-001
3.127973e+003,9.096531e-001
3.129902e+003,9.154803e-001
3.131830e+003,9.216637e-001
3.133759e+003,9.281704e-001
3.135687e+003,9.349320e-001
3.137615e+003,9.418510e-001
3.139544e+003,9.488159e-001
3.141472e+003,9.557210e-001
3.143401e+003,9.624866e-001
3.145329e+003,9.690744e-001
3.147258e+003,9.754943e-001
3.149186e+003,9.818016e-001
3.151115e+003,9.880835e-001
3.153043e+003,9.944404e-001
3.154972e+003,1.000965e+000
3.156900e+003,1.007724e+000
3.158829e+003,1.014743e+000
3.160757e+003,1.022003e+000
3.162686e+003,1.029442e+000
3.164614e+003,1.036964e+000
3.166542e+003,1.044456e+000
3.168471e+003,1.051806e+000
3.170399e+003,1.058915e+000
3.172328e+003,1.065720e+000
3.174256e+003,1.072196e+000
3.176185e+003,1.078365e+000
3.178113e+003,1.084285e+000
3.180042e+003,1.090038e+000
3.181970e+003,1.095708e+000
3.183899e+003,1.101354e+000
3.185827e+003,1.106992e+000
3.187756e+003,1.112574e+000
3.189684e+003,1.117993e+000
3.191613e+003,1.123095e+000
3.193541e+003,1.127711e+000
3.195469e+003,1.131701e+000
3.197398e+003,1.134989e+000
3.199326e+003,1.137604e+000
3.201255e+003,1.139684e+000
3.203183e+003,1.141469e+000
3.205112e+003,1.143251e+000
3.207040e+003,1.145322e+000
3.208969e+003,1.147900e+000
3.210897e+003,1.151074e+000
3.212826e+003,1.154769e+000
3.214754e+003,1.158751e+000
3.216683e+003,1.162666e+000
3.218611e+003,1.166116e+000
3.220540e+003,1.168745e+000
3.222468e+003,1.170330e+000
3.224396e+003,1.170842e+000
3.226325e+003,1.170469e+000
3.228253e+003,1.169593e+000
3.230182e+003,1.168726e+000
3.232110e+003,1.168417e+000
3.234039e+003,1.169153e+000
3.235967e+003,1.171272e+000
3.237896e+003,1.174909e+000
3.239824e+003,1.179994e+000
3.241753e+003,1.186283e+000
3.243681e+003,1.193427e+000
3.245610e+003,1.201055e+000
3.247538e+003,1.208853e+000
3.249467e+003,1.216612e+000
3.251395e+003,1.224252e+000
3.253323e+003,1.231800e+000
3.255252e+003,1.239343e+000
3.257180e+003,1.246970e+000
3.259109e+003,1.254713e+000
3.261037e+003,1.262516e+000
3.262966e+003,1.270227e+000
3.264894e+003,1.277624e+000
3.266823e+003,1.284463e+000
3.268751e+003,1.290532e+000
3.270680e+003,1.295702e+000
3.272608e+003,1.299947e+000
3.274537e+003,1.303343e+000
3.276465e+003,1.306032e+000
3.278394e+003,1.308168e+000
3.280322e+003,1.309863e+000
3.282250e+003,1.311144e+000
3.284179e+003,1.311940e+000
3.286107e+003,1.312102e+000
3.288036e+003,1.311452e+000
3.289964e+003,1.309853e+000
3.291893e+003,1.307276e+000
3.293821e+003,1.303838e+000
3.295750e+003,1.299810e+000
3.297678e+003,1.295583e+000
3.299607e+003,1.291588e+000
3.301535e+003,1.288205e+000
3.303464e+003,1.285674e+000
3.305392e+003,1.284038e+000
3.307321e+003,1.283126e+000
3.309249e+003,1.282599e+000
3.311177e+003,1.282039e+000
3.313106e+003,1.281055e+000
3.315034e+003,1.279396e+000
3.316963e+003,1.277024e+000
3.318891e+003,1.274127e+000
3.320820e+003,1.271078e+000
3.322748e+003,1.268337e+000
3.324677e+003,1.266319e+000
3.326605e+003,1.265274e+000
3.328534e+003,1.265197e+000
3.330462e+003,1.265811e+000
3.332391e+003,1.266612e+000
3.334319e+003,1.266981e+000
3.336248e+003,1.266336e+000
3.338176e+003,1.264278e+000
3.340104e+003,1.260702e+000
3.342033e+003,1.255840e+000
3.343961e+003,1.250227e+000
3.345890e+003,1.244592e+000
3.347818e+003,1.239701e+000
3.349747e+003,1.236194e+000
3.351675e+003,1.234439e+000
3.353604e+003,1.234452e+000
3.355532e+003,1.235891e+000
3.357461e+003,1.238120e+000
3.359389e+003,1.240335e+000
3.361318e+003,1.241718e+000
3.363246e+003,1.241583e+000
3.365175e+003,1.239490e+000
3.367103e+003,1.235318e+000
3.369031e+003,1.229266e+000
3.370960e+003,1.221813e+000
3.372888e+003,1.213633e+000
3.374817e+003,1.205499e+000
3.376745e+003,1.198170e+000
3.378674e+003,1.192294e+000
3.380602e+003,1.188325e+000
3.382531e+003,1.186464e+000
3.384459e+003,1.186623e+000
3.386388e+003,1.188420e+000
3.388316e+003,1.191220e+000
3.390245e+003,1.194205e+000
3.392173e+003,1.196491e+000
3.394102e+003,1.197268e+000
3.396030e+003,1.195955e+000
3.397958e+003,1.192326e+000
3.399887e+003,1.186592e+000
3.401815e+003,1.179403e+000
3.403744e+003,1.171756e+000
3.405672e+003,1.164817e+000
3.407601e+003,1.159689e+000
3.409529e+003,1.157162e+000
3.411458e+003,1.157513e+000
3.413386e+003,1.160392e+000
3.415315e+003,1.164853e+000
3.417243e+003,1.169502e+000
3.419172e+003,1.172774e+000
3.421100e+003,1.173256e+000
3.423029e+003,1.169999e+000
3.424957e+003,1.162745e+000
3.426885e+003,1.152012e+000
3.428814e+003,1.139012e+000
3.430742e+003,1.125425e+000
3.432671e+003,1.113065e+000
3.434599e+003,1.103523e+000
3.436528e+003,1.097853e+000
3.438456e+003,1.096380e+000
3.440385e+003,1.098653e+000
3.442313e+003,1.103557e+000
3.444242e+003,1.109543e+000
3.446170e+003,1.114924e+000
3.448099e+003,1.118168e+000
3.450027e+003,1.118144e+000
3.451956e+003,1.114259e+000
3.453884e+003,1.106503e+000
3.455813e+003,1.095390e+000
3.457741e+003,1.081844e+000
3.459669e+003,1.067040e+000
3.461598e+003,1.052245e+000
3.463526e+003,1.038666e+000
3.465455e+003,1.027313e+000
3.467383e+003,1.018879e+000
3.469312e+003,1.013642e+000
3.471240e+003,1.011402e+000
3.473169e+003,1.011462e+000
3.475097e+003,1.012695e+000
3.477026e+003,1.013689e+000
3.478954e+003,1.012977e+000
3.480883e+003,1.009323e+000
3.482811e+003,1.001998e+000
3.484740e+003,9.909919e-001
3.486668e+003,9.770736e-001
3.488596e+003,9.616814e-001
3.490525e+003,9.466320e-001
3.492453e+003,9.337078e-001
3.494382e+003,9.242179e-001
3.496310e+003,9.186487e-001
3.498239e+003,9.165092e-001
3.500167e+003,9.164317e-001
3.502096e+003,9.165206e-001
3.504024e+003,9.148673e-001
3.505953e+003,9.100989e-001
3.507881e+003,9.017998e-001
3.509810e+003,8.906765e-001
3.511738e+003,8.784005e-001
3.513667e+003,8.671522e-001
3.515595e+003,8.589836e-001
3.517523e+003,8.551803e-001
3.519452e+003,8.558089e-001
3.521380e+003,8.596008e-001
3.523309e+003,8.642238e-001
3.525237e+003,8.668827e-001
3.527166e+003,8.650868e-001
3.529094e+003,8.573617e-001
3.531023e+003,8.436921e-001
3.532951e+003,8.255502e-001
3.534880e+003,8.054847e-001
3.536808e+003,7.863815e-001
3.538737e+003,7.706090e-001
3.540665e+003,7.593071e-001
3.542594e+003,7.520458e-001
3.544522e+003,7.469733e-001
3.546450e+003,7.414250e-001
3.548379e+003,7.328213e-001
3.550307e+003,7.195826e-001
3.552236e+003,7.017710e-001
3.554164e+003,6.812386e-001
3.556093e+003,6.612058e-001
3.558021e+003,6.453646e-001
3.559950e+003,6.367527e-001
3.561878e+003,6.367291e-001
3.563807e+003,6.443637e-001
3.565735e+003,6.564513e-001
3.567664e+003,6.681749e-001
3.569592e+003,6.742652e-001
3.571521e+003,6.703454e-001
3.573449e+003,6.540963e-001
3.575377e+003,6.259146e-001
3.577306e+003,5.888832e-001
3.579234e+003,5.480562e-001
3.581163e+003,5.092542e-001
3.583091e+003,4.776938e-001
3.585020e+003,4.568076e-001
3.586948e+003,4.475510e-001
3.588877e+003,4.483353e-001
3.590805e+003,4.555578e-001
3.592734e+003,4.645390e-001
3.594662e+003,4.705900e-001
3.596591e+003,4.699324e-001
3.598519e+003,4.602779e-001
3.600448e+003,4.409959e-001
3.602376e+003,4.129401e-001
3.604304e+003,3.780742e-001
3.606233e+003,3.390736e-001
3.608161e+003,2.990126e-001
3.610090e+003,2.611693e-001
3.612018e+003,2.288793e-001
3.613947e+003,2.053252e-001
3.615875e+003,1.931626e-001
3.617804e+003,1.939633e-001
3.619732e+003,2.075725e-001
3.621661e+003,2.315828e-001
3.623589e+003,2.611704e-001
3.625518e+003,2.894996e-001
3.627446e+003,3.087619e-001
3.629375e+003,3.117261e-001
3.631303e+003,2.934823e-001
3.633231e+003,2.529346e-001
3.635160e+003,1.935914e-001
3.637088e+003,1.233296e-001
3.639017e+003,5.305513e-002
3.640945e+003,-5.525321e-003
3.642874e+003,-4.253386e-002
3.644802e+003,-5.231958e-002
3.646731e+003,-3.499622e-002
3.648659e+003,3.318144e-003
3.650588e+003,5.168561e-002
3.652516e+003,9.671658e-002
3.654445e+003,1.255713e-001
3.656373e+003,1.288697e-001
3.658302e+003,1.028000e-001
3.660230e+003,4.991874e-002
3.662158e+003,-2.153072e-002
3.664087e+003,-9.958101e-002
3.666015e+003,-1.712713e-001
3.667944e+003,-2.254616e-001
3.669872e+003,-2.550607e-001
3.671801e+003,-2.581838e-001
3.673729e+003,-2.380555e-001
3.675658e+003,-2.018003e-001
3.677586e+003,-1.585204e-001
3.679515e+003,-1.172011e-001
3.681443e+003,-8.495636e-002
3.683372e+003,-6.597588e-002
3.685300e+003,-6.130550e-002
3.687229e+003,-6.935254e-002
3.689157e+003,-8.684330e-002
3.691085e+003,-1.098868e-001
3.693014e+003,-1.348464e-001
3.694942e+003,-1.588425e-001
3.696871e+003,-1.798664e-001
3.698799e+003,-1.966161e-001
3.700728e+003,-2.082355e-001
3.702656e+003,-2.141282e-001
3.704585e+003,-2.139459e-001
3.706513e+003,-2.077479e-001
3.708442e+003,-1.962388e-001
3.710370e+003,-1.809453e-001
3.712299e+003,-1.642097e-001
3.714227e+003,-1.489401e-001
3.716156e+003,-1.381527e-001
3.718084e+003,-1.344183e-001
3.720012e+003,-1.393639e-001
3.721941e+003,-1.533726e-001
3.723869e+003,-1.755545e-001
3.725798e+003,-2.039773e-001
3.727726e+003,-2.360684e-001
3.729655e+003,-2.690529e-001
3.731583e+003,-3.002974e-001
3.733512e+003,-3.274894e-001
3.735440e+003,-3.486536e-001
3.737369e+003,-3.620819e-001
3.739297e+003,-3.662927e-001
3.741226e+003,-3.601196e-001
3.743154e+003,-3.429666e-001
3.745083e+003,-3.151858e-001
3.747011e+003,-2.784430e-001
3.748939e+003,-2.359038e-001
3.750868e+003,-1.920870e-001
3.752796e+003,-1.523160e-001
3.754725e+003,-1.218200e-001
3.756653e+003,-1.046618e-001
3.758582e+003,-1.027591e-001
3.760510e+003,-1.152780e-001
3.762439e+003,-1.386120e-001
3.764367e+003,-1.670193e-001
3.766296e+003,-1.938200e-001
3.768224e+003,-2.128877e-001
3.770153e+003,-2.200809e-001
3.772081e+003,-2.142451e-001
3.774010e+003,-1.975185e-001
3.775938e+003,-1.748414e-001
3.777866e+003,-1.527735e-001
3.779795e+003,-1.379061e-001
3.781723e+003,-1.352607e-001
3.783652e+003,-1.470728e-001
3.785580e+003,-1.722600e-001
3.787509e+003,-2.066967e-001
3.789437e+003,-2.442112e-001
3.791366e+003,-2.780433e-001
3.793294e+003,-3.023899e-001
3.795223e+003,-3.136580e-001
3.797151e+003,-3.111382e-001
3.799080e+003,-2.969638e-001
3.801008e+003,-2.754129e-001
3.802937e+003,-2.517694e-001
3.804865e+003,-2.310504e-001
3.806793e+003,-2.169220e-001
3.808722e+003,-2.110499e-001
3.810650e+003,-2.129978e-001
3.812579e+003,-2.206418e-001
3.814507e+003,-2.309383e-001
3.816436e+003,-2.408133e-001
3.818364e+003,-2.479328e-001
3.820293e+003,-2.511768e-001
3.822221e+003,-2.507341e-001
3.824150e+003,-2.478445e-001
3.826078e+003,-2.443039e-001
3.828007e+003,-2.418934e-001
3.829935e+003,-2.418886e-001
3.831864e+003,-2.447640e-001
3.833792e+003,-2.501407e-001
3.835720e+003,-2.569514e-001
3.837649e+003,-2.637535e-001
3.839577e+003,-2.690902e-001
3.841506e+003,-2.718132e-001
3.843434e+003,-2.713015e-001
3.845363e+003,-2.675518e-001
3.847291e+003,-2.611465e-001
3.849220e+003,-2.531234e-001
3.851148e+003,-2.447827e-001
3.853077e+003,-2.374611e-001
3.855005e+003,-2.322999e-001
3.856934e+003,-2.300307e-001
3.858862e+003,-2.308084e-001
3.860791e+003,-2.341246e-001
3.862719e+003,-2.388351e-001
3.864647e+003,-2.433278e-001
3.866576e+003,-2.458297e-001
3.868504e+003,-2.448158e-001
3.870433e+003,-2.394422e-001
3.872361e+003,-2.298984e-001
3.874290e+003,-2.175667e-001
3.876218e+003,-2.049072e-001
3.878147e+003,-1.950437e-001
3.880075e+003,-1.911035e-001
3.882004e+003,-1.954466e-001
3.883932e+003,-2.089630e-001
3.885861e+003,-2.306344e-001
3.887789e+003,-2.575060e-001
3.889718e+003,-2.851269e-001
3.891646e+003,-3.083963e-001
3.893574e+003,-3.226489e-001
3.895503e+003,-3.247257e-001
3.897431e+003,-3.137700e-001
3.899360e+003,-2.915345e-001
3.901288e+003,-2.621010e-001
3.903217e+003,-2.310550e-001
3.905145e+003,-2.042958e-001
3.907074e+003,-1.867595e-001
3.909002e+003,-1.813585e-001
3.910931e+003,-1.883908e-001
3.912859e+003,-2.055557e-001
3.914788e+003,-2.285646e-001
3.916716e+003,-2.521873e-001
3.918645e+003,-2.714686e-001
3.920573e+003,-2.828212e-001
3.922501e+003,-2.847332e-001
3.924430e+003,-2.779444e-001
3.926358e+003,-2.650757e-001
3.928287e+003,-2.498406e-001
3.930215e+003,-2.360578e-001
3.932144e+003,-2.267247e-001
3.934072e+003,-2.233758e-001
3.936001e+003,-2.258618e-001
3.937929e+003,-2.325693e-001
3.939858e+003,-2.409856e-001
3.941786e+003,-2.484343e-001
3.943715e+003,-2.527784e-001
3.945643e+003,-2.529154e-001
3.947572e+003,-2.489580e-001
3.949500e+003,-2.420875e-001
3.951428e+003,-2.341496e-001
3.953357e+003,-2.271255e-001
3.955285e+003,-2.226255e-001
3.957214e+003,-2.215328e-001
3.959142e+003,-2.238692e-001
3.961071e+003,-2.288908e-001
3.962999e+003,-2.353586e-001
3.964928e+003,-2.418955e-001
3.966856e+003,-2.473251e-001
3.968785e+003,-2.509124e-001
3.970713e+003,-2.524607e-001
3.972642e+003,-2.522627e-001
3.974570e+003,-2.509440e-001
3.976499e+003,-2.492552e-001
3.978427e+003,-2.478752e-001
3.980355e+003,-2.472708e-001
3.982284e+003,-2.476372e-001
3.984212e+003,-2.489155e-001
3.986141e+003,-2.508660e-001
3.988069e+003,-2.531635e-001
3.989998e+003,-2.554870e-001
3.991926e+003,-2.575815e-001
3.993855e+003,-2.592840e-001
3.995783e+003,-2.605210e-001
3.997712e+003,-2.612867e-001
3.999640e+003,0.000000e+000
4.001569e+003,0.000000e+000
